-- MySQL dump 10.13  Distrib 5.7.21, for Linux (x86_64)
--
-- Host: localhost    Database: eapi
-- ------------------------------------------------------
-- Server version	5.7.21-1

/*!40101 SET @OLD_CHARACTER_SET_CLIENT=@@CHARACTER_SET_CLIENT */;
/*!40101 SET @OLD_CHARACTER_SET_RESULTS=@@CHARACTER_SET_RESULTS */;
/*!40101 SET @OLD_COLLATION_CONNECTION=@@COLLATION_CONNECTION */;
/*!40101 SET NAMES utf8 */;
/*!40103 SET @OLD_TIME_ZONE=@@TIME_ZONE */;
/*!40103 SET TIME_ZONE='+00:00' */;
/*!40014 SET @OLD_UNIQUE_CHECKS=@@UNIQUE_CHECKS, UNIQUE_CHECKS=0 */;
/*!40014 SET @OLD_FOREIGN_KEY_CHECKS=@@FOREIGN_KEY_CHECKS, FOREIGN_KEY_CHECKS=0 */;
/*!40101 SET @OLD_SQL_MODE=@@SQL_MODE, SQL_MODE='NO_AUTO_VALUE_ON_ZERO' */;
/*!40111 SET @OLD_SQL_NOTES=@@SQL_NOTES, SQL_NOTES=0 */;

--
-- Table structure for table `migrations`
--

DROP TABLE IF EXISTS `migrations`;
/*!40101 SET @saved_cs_client     = @@character_set_client */;
/*!40101 SET character_set_client = utf8 */;
CREATE TABLE `migrations` (
  `id` int(10) unsigned NOT NULL AUTO_INCREMENT,
  `migration` varchar(255) COLLATE utf8mb4_unicode_ci NOT NULL,
  `batch` int(11) NOT NULL,
  PRIMARY KEY (`id`)
) ENGINE=InnoDB AUTO_INCREMENT=5 DEFAULT CHARSET=utf8mb4 COLLATE=utf8mb4_unicode_ci;
/*!40101 SET character_set_client = @saved_cs_client */;

--
-- Dumping data for table `migrations`
--

LOCK TABLES `migrations` WRITE;
/*!40000 ALTER TABLE `migrations` DISABLE KEYS */;
INSERT INTO `migrations` VALUES (1,'2014_10_12_000000_create_users_table',1),(2,'2014_10_12_100000_create_password_resets_table',1),(3,'2019_06_12_011512_create_products_table',1),(4,'2019_06_12_030728_create_reviews_table',1);
/*!40000 ALTER TABLE `migrations` ENABLE KEYS */;
UNLOCK TABLES;

--
-- Table structure for table `password_resets`
--

DROP TABLE IF EXISTS `password_resets`;
/*!40101 SET @saved_cs_client     = @@character_set_client */;
/*!40101 SET character_set_client = utf8 */;
CREATE TABLE `password_resets` (
  `email` varchar(255) COLLATE utf8mb4_unicode_ci NOT NULL,
  `token` varchar(255) COLLATE utf8mb4_unicode_ci NOT NULL,
  `created_at` timestamp NULL DEFAULT NULL,
  KEY `password_resets_email_index` (`email`)
) ENGINE=InnoDB DEFAULT CHARSET=utf8mb4 COLLATE=utf8mb4_unicode_ci;
/*!40101 SET character_set_client = @saved_cs_client */;

--
-- Dumping data for table `password_resets`
--

LOCK TABLES `password_resets` WRITE;
/*!40000 ALTER TABLE `password_resets` DISABLE KEYS */;
/*!40000 ALTER TABLE `password_resets` ENABLE KEYS */;
UNLOCK TABLES;

--
-- Table structure for table `products`
--

DROP TABLE IF EXISTS `products`;
/*!40101 SET @saved_cs_client     = @@character_set_client */;
/*!40101 SET character_set_client = utf8 */;
CREATE TABLE `products` (
  `id` bigint(20) unsigned NOT NULL AUTO_INCREMENT,
  `name` varchar(255) COLLATE utf8mb4_unicode_ci NOT NULL,
  `detail` text COLLATE utf8mb4_unicode_ci NOT NULL,
  `price` int(11) NOT NULL,
  `stock` int(11) NOT NULL,
  `discount` int(11) NOT NULL,
  `created_at` timestamp NULL DEFAULT NULL,
  `updated_at` timestamp NULL DEFAULT NULL,
  PRIMARY KEY (`id`)
) ENGINE=InnoDB AUTO_INCREMENT=51 DEFAULT CHARSET=utf8mb4 COLLATE=utf8mb4_unicode_ci;
/*!40101 SET character_set_client = @saved_cs_client */;

--
-- Dumping data for table `products`
--

LOCK TABLES `products` WRITE;
/*!40000 ALTER TABLE `products` DISABLE KEYS */;
INSERT INTO `products` VALUES (1,'iste','Aut laborum minus illo optio sequi ratione. Sed impedit debitis voluptas. Nostrum sed ea eum eaque pariatur impedit nihil. Sit porro asperiores sed esse voluptatum voluptatum.',734,9,8,'2019-06-13 10:38:14','2019-06-13 10:38:14'),(2,'reprehenderit','Quia omnis asperiores voluptatem eveniet et dolorem. Nam explicabo fugiat repellendus dignissimos aut eligendi fuga. Aperiam sit nulla corporis et aspernatur doloribus nostrum.',799,2,24,'2019-06-13 10:38:15','2019-06-13 10:38:15'),(3,'fuga','Dolor vero omnis consequatur. Et eligendi modi ab corporis ut corporis non. Aliquam rerum rerum voluptatem autem. Eos dicta maiores ipsum.',812,7,30,'2019-06-13 10:38:15','2019-06-13 10:38:15'),(4,'minus','Reiciendis molestias id ut velit earum aspernatur velit iste. Itaque magni sed expedita ipsum voluptates impedit accusantium et. Explicabo odio architecto ratione eius perferendis. Commodi aut maxime consequatur ea asperiores provident.',454,7,2,'2019-06-13 10:38:15','2019-06-13 10:38:15'),(5,'tempore','Sint est animi sit deserunt nesciunt qui dolores ex. Unde nulla et nemo nemo.',747,3,3,'2019-06-13 10:38:15','2019-06-13 10:38:15'),(6,'sed','Praesentium consequatur est blanditiis quis et. Officia aliquid accusamus suscipit quae rerum. Totam suscipit sapiente omnis. Nam sint ratione odio aliquam numquam.',839,9,12,'2019-06-13 10:38:15','2019-06-13 10:38:15'),(7,'recusandae','Nihil dolorem dignissimos aspernatur. Omnis non ratione voluptas dolor ut recusandae enim. Rerum aut enim similique.',326,5,5,'2019-06-13 10:38:15','2019-06-13 10:38:15'),(8,'nulla','Deleniti sapiente voluptas repudiandae et assumenda qui non. Exercitationem quidem delectus aperiam inventore esse et officiis sit. Amet aut eligendi ab perferendis unde.',116,1,5,'2019-06-13 10:38:15','2019-06-13 10:38:15'),(9,'adipisci','In a nemo molestiae dolor nesciunt. Laudantium ut tempore aperiam labore enim et neque et. Officiis nulla autem et est reprehenderit soluta nesciunt consequatur. Possimus tenetur itaque placeat dolorem quos. Eos quasi voluptatum quod sed.',620,3,24,'2019-06-13 10:38:15','2019-06-13 10:38:15'),(10,'inventore','Aut sit dolore odit voluptatem explicabo laborum distinctio. Occaecati adipisci saepe soluta in perspiciatis rem et. Voluptas dolorum non aut. Et voluptatibus itaque nihil voluptates. Quasi laudantium earum aliquam sunt beatae voluptatum.',760,9,11,'2019-06-13 10:38:15','2019-06-13 10:38:15'),(11,'quo','Earum quod non magnam id sit et. Maiores aut magnam dolore voluptatibus odit. Perferendis eos placeat dolorem. Nam rerum qui perspiciatis omnis.',166,7,30,'2019-06-13 10:38:15','2019-06-13 10:38:15'),(12,'cumque','Quisquam illum quae facere voluptas nesciunt. Necessitatibus dolorum quasi ea in. Quo sed explicabo velit quia fugit magni voluptas. Voluptatum odio recusandae occaecati adipisci et consequatur adipisci.',651,6,6,'2019-06-13 10:38:15','2019-06-13 10:38:15'),(13,'tempore','Temporibus ut unde enim sit. Exercitationem et quisquam et sapiente dolor qui fuga. Sit libero atque nam nam atque. Sunt omnis aut cum repudiandae. Ab officia ipsum officiis aliquam ipsa ut omnis.',248,6,18,'2019-06-13 10:38:15','2019-06-13 10:38:15'),(14,'numquam','Est consectetur voluptas corrupti eveniet rerum. Quas est sunt tenetur soluta delectus corrupti dolorem adipisci. Error nemo sunt id ea similique. Molestias aut ut reiciendis provident et.',850,7,30,'2019-06-13 10:38:15','2019-06-13 10:38:15'),(15,'sint','Aut sit voluptas dolores in nulla saepe sunt. Voluptatibus a et ut officia animi eos.',571,4,20,'2019-06-13 10:38:15','2019-06-13 10:38:15'),(16,'itaque','Accusamus est provident veniam. Vel aut dignissimos qui non sapiente omnis suscipit. Dolor reprehenderit voluptatem sit et beatae omnis error quasi.',130,0,27,'2019-06-13 10:38:15','2019-06-13 10:38:15'),(17,'tempore','Dolores quia tenetur eum non qui quod. Unde quia voluptatum nobis sequi eum. Veritatis quod enim aut et atque culpa vel. Harum error quod dicta at itaque vel autem occaecati.',404,5,23,'2019-06-13 10:38:15','2019-06-13 10:38:15'),(18,'ut','Dolor eum labore ea aut eos. Expedita aut laborum consequatur laborum ut. Quam autem qui deserunt voluptas totam consequatur veritatis. Est nulla doloremque est iure qui dolorum laboriosam.',387,6,17,'2019-06-13 10:38:15','2019-06-13 10:38:15'),(19,'incidunt','Similique est fugit officiis amet cumque deserunt adipisci. Porro qui commodi sint. In hic ipsam tempore et delectus deserunt. Rerum beatae delectus et qui.',844,8,2,'2019-06-13 10:38:15','2019-06-13 10:38:15'),(20,'optio','Qui qui ea consequuntur modi minima aperiam. Ab maiores atque reiciendis sunt id. Voluptatem sed rem aperiam et voluptas aliquam fuga.',318,5,27,'2019-06-13 10:38:15','2019-06-13 10:38:15'),(21,'ab','Dolorum culpa ab perferendis rem error sint at. Ex odit omnis facilis placeat similique et harum. Blanditiis expedita perferendis voluptate ut sint illum alias iusto.',466,1,27,'2019-06-13 10:38:15','2019-06-13 10:38:15'),(22,'id','Repudiandae vitae soluta rem sed. Ab voluptas voluptas eius beatae voluptatem sint dolorem ut. Voluptate ipsam corporis nisi quasi sunt sed ea. Suscipit voluptatibus quam id dignissimos. Voluptas dolorem ut est enim maxime.',951,4,3,'2019-06-13 10:38:15','2019-06-13 10:38:15'),(23,'aut','Ut atque aut placeat deserunt. Odio culpa nisi ad ea dolores ea et. Vel ullam nostrum cupiditate explicabo quos.',760,9,15,'2019-06-13 10:38:15','2019-06-13 10:38:15'),(24,'sapiente','Cumque assumenda earum harum. Dolor in officia et inventore voluptates.',636,0,22,'2019-06-13 10:38:15','2019-06-13 10:38:15'),(25,'quis','Voluptatem fugiat magnam rerum aut veritatis possimus. Fugiat unde aut neque laborum velit. Qui et aut quidem ut placeat vel aperiam. Eum fuga tempore assumenda sit eveniet. Consectetur enim quia ducimus quaerat.',422,8,4,'2019-06-13 10:38:15','2019-06-13 10:38:15'),(26,'necessitatibus','Magnam qui sed corporis quis rem. Non et quam molestiae. Unde et hic et libero consequatur ab. Recusandae voluptas praesentium magni qui.',274,6,17,'2019-06-13 10:38:15','2019-06-13 10:38:15'),(27,'voluptatem','Beatae adipisci atque veniam error dolor dolorum iure. Enim quibusdam et quasi provident cum et ut. Vel et quas facilis iure nesciunt a et. Magnam nemo et iste quia sint nihil et.',940,2,30,'2019-06-13 10:38:15','2019-06-13 10:38:15'),(28,'minima','Facere fugiat natus earum deserunt in delectus. Et nesciunt voluptates soluta voluptas voluptas aut qui. Rerum accusamus voluptatem error molestias est nihil est. Necessitatibus rerum quaerat velit voluptatem in dolor qui enim.',229,4,26,'2019-06-13 10:38:16','2019-06-13 10:38:16'),(29,'omnis','Placeat possimus dolore quo asperiores velit tenetur in. Velit voluptatem distinctio eum dolorem sint corrupti labore. Repellendus corrupti ipsa ad facere excepturi et. Velit autem sunt quidem.',443,2,25,'2019-06-13 10:38:16','2019-06-13 10:38:16'),(30,'aut','Omnis tempora ut sapiente ab earum iusto. Voluptatem soluta perspiciatis ea non quasi. Dolorem sit dicta dignissimos et omnis. Rerum quisquam nesciunt eligendi totam voluptas provident.',227,6,24,'2019-06-13 10:38:16','2019-06-13 10:38:16'),(31,'reiciendis','Iure sunt expedita vero consequuntur tempore. In iusto in quam voluptatum ullam. Numquam accusantium quaerat sed consequuntur aut ipsum totam impedit. Sunt molestiae laboriosam quibusdam doloremque quia. Quibusdam vitae possimus eos et debitis voluptates dolorem saepe.',401,3,25,'2019-06-13 10:38:16','2019-06-13 10:38:16'),(32,'amet','Quia dolor perspiciatis omnis dolor. Ea quis accusantium occaecati nam. Fugit ipsa maxime dolorem modi a labore sed tempore. Odio quae qui ab ab occaecati earum.',394,5,20,'2019-06-13 10:38:16','2019-06-13 10:38:16'),(33,'quia','Numquam dolorem numquam velit cum et sit qui. Voluptatem officiis fuga nihil libero laborum incidunt ad. Architecto ullam odio quam exercitationem sit perspiciatis. Dolores aut omnis et enim ducimus qui.',340,0,2,'2019-06-13 10:38:16','2019-06-13 10:38:16'),(34,'nulla','Illum deserunt et porro veniam qui. Sit deleniti voluptatem quo commodi est officiis. Neque molestiae sed quo molestiae vel a ipsam.',930,8,5,'2019-06-13 10:38:16','2019-06-13 10:38:16'),(35,'sit','Deserunt voluptates aut molestiae nisi aut qui atque. Corporis ut quae inventore corporis. Eveniet eaque eveniet ipsam hic quae qui vel.',775,0,16,'2019-06-13 10:38:16','2019-06-13 10:38:16'),(36,'ab','Amet id voluptatem laborum sed beatae ullam. Vel aliquam delectus in qui eius. Non provident et aliquid et animi. Aut quasi atque sit.',144,4,6,'2019-06-13 10:38:16','2019-06-13 10:38:16'),(37,'a','Repellendus quis inventore possimus ut. Necessitatibus minus adipisci qui est voluptatibus non. Omnis maiores et optio dolorem voluptatem ut cum numquam.',378,8,13,'2019-06-13 10:38:16','2019-06-13 10:38:16'),(38,'veniam','Nisi adipisci accusantium tempora odit non in. Dolor sed voluptate ex omnis inventore quisquam.',784,4,19,'2019-06-13 10:38:16','2019-06-13 10:38:16'),(39,'fugiat','Et neque sapiente quibusdam ullam. Dolorem debitis qui laborum placeat. Ut fugiat nobis qui libero ea.',168,0,21,'2019-06-13 10:38:16','2019-06-13 10:38:16'),(40,'quia','Vitae quis expedita ut delectus. Aut consequuntur amet labore aut incidunt nostrum perspiciatis incidunt. Consectetur possimus veniam qui officia suscipit libero.',397,5,20,'2019-06-13 10:38:16','2019-06-13 10:38:16'),(41,'accusamus','Delectus est et quibusdam qui sed ipsa et. Error ut eum odio aut quos corporis blanditiis. Nihil sint sint dolores debitis. Et non nobis tempora sint atque.',104,1,25,'2019-06-13 10:38:16','2019-06-13 10:38:16'),(42,'ut','Architecto qui iure veniam voluptatem dolor neque. Vero eaque libero ut ipsum natus nemo recusandae. Voluptates molestiae nulla occaecati aperiam numquam voluptatem. Commodi quo atque harum eligendi.',314,1,13,'2019-06-13 10:38:16','2019-06-13 10:38:16'),(43,'doloribus','Vitae officiis quis et ipsa. Non blanditiis voluptatum earum fugiat sed eaque vel voluptate. Voluptas ex veritatis odio animi atque similique consequatur. Nobis ea et et animi consequuntur sint magni ratione.',168,7,5,'2019-06-13 10:38:16','2019-06-13 10:38:16'),(44,'omnis','Exercitationem quos quo cum veniam optio. Quia molestiae quia fugiat delectus dolore et unde. Voluptate impedit ipsa facilis vel architecto sint eos. Quasi est voluptatem dicta nihil tenetur autem.',103,6,8,'2019-06-13 10:38:16','2019-06-13 10:38:16'),(45,'voluptate','Vel voluptate enim similique voluptatem harum error. Quis quia id quod aliquam minus modi sapiente hic. Ea dolore dolores facere et. Esse cumque incidunt sed.',890,3,16,'2019-06-13 10:38:16','2019-06-13 10:38:16'),(46,'aliquam','Amet est voluptas dolor. Magnam rerum vitae placeat. Culpa facilis voluptatem quos vero dolorem et non.',342,9,2,'2019-06-13 10:38:16','2019-06-13 10:38:16'),(47,'similique','Est ex totam maiores. Fugiat debitis laborum rerum voluptate dicta aut. Qui et dolorem reiciendis corrupti sed nobis expedita. Quasi perspiciatis minus vel aliquam voluptatibus.',459,9,23,'2019-06-13 10:38:16','2019-06-13 10:38:16'),(48,'et','Et ex rem eveniet sed qui maxime. Molestiae repellat ratione quia voluptatem quo. Odit accusamus sunt deserunt placeat molestias suscipit.',939,2,29,'2019-06-13 10:38:16','2019-06-13 10:38:16'),(49,'non','Non vero vel tempore est. Voluptatum mollitia nesciunt non sit eligendi incidunt. Inventore quisquam et recusandae eius. Voluptatem qui aut aut.',574,8,5,'2019-06-13 10:38:16','2019-06-13 10:38:16'),(50,'dolorum','Cupiditate ut aspernatur adipisci dolores qui voluptatem. Fugit velit sed voluptatem porro ut. Sed temporibus repellat ullam illo qui consequatur deserunt.',172,0,16,'2019-06-13 10:38:16','2019-06-13 10:38:16');
/*!40000 ALTER TABLE `products` ENABLE KEYS */;
UNLOCK TABLES;

--
-- Table structure for table `reviews`
--

DROP TABLE IF EXISTS `reviews`;
/*!40101 SET @saved_cs_client     = @@character_set_client */;
/*!40101 SET character_set_client = utf8 */;
CREATE TABLE `reviews` (
  `id` bigint(20) unsigned NOT NULL AUTO_INCREMENT,
  `product_id` bigint(20) unsigned NOT NULL,
  `customer` varchar(255) COLLATE utf8mb4_unicode_ci NOT NULL,
  `review` text COLLATE utf8mb4_unicode_ci NOT NULL,
  `star` int(11) NOT NULL,
  `created_at` timestamp NULL DEFAULT NULL,
  `updated_at` timestamp NULL DEFAULT NULL,
  PRIMARY KEY (`id`),
  KEY `reviews_product_id_index` (`product_id`),
  CONSTRAINT `reviews_product_id_foreign` FOREIGN KEY (`product_id`) REFERENCES `products` (`id`) ON DELETE CASCADE
) ENGINE=InnoDB AUTO_INCREMENT=301 DEFAULT CHARSET=utf8mb4 COLLATE=utf8mb4_unicode_ci;
/*!40101 SET character_set_client = @saved_cs_client */;

--
-- Dumping data for table `reviews`
--

LOCK TABLES `reviews` WRITE;
/*!40000 ALTER TABLE `reviews` DISABLE KEYS */;
INSERT INTO `reviews` VALUES (1,26,'Kaia Reichel','Accusantium harum rerum possimus est quos consequuntur repellat. Voluptas sequi et unde inventore quaerat soluta. Dolorem nam recusandae quod est.',0,'2019-06-13 10:38:17','2019-06-13 10:38:17'),(2,17,'Einar Kuhn','Molestias ut laborum aut impedit fugit. In reprehenderit at inventore veniam necessitatibus eveniet. Rerum sed temporibus dicta consectetur illum atque. Et totam ratione libero optio deleniti.',4,'2019-06-13 10:38:17','2019-06-13 10:38:17'),(3,30,'Austyn Wolf','Id id magni rerum ipsam. Repellendus harum et saepe adipisci sapiente totam. Sequi earum exercitationem consequatur eos aliquid. Nulla doloremque ut tempore maxime.',4,'2019-06-13 10:38:17','2019-06-13 10:38:17'),(4,16,'Sidney Johnston','Laudantium ut nam maiores ut molestiae facilis. Vel tenetur voluptatem temporibus dolorum rem quaerat sed.',3,'2019-06-13 10:38:17','2019-06-13 10:38:17'),(5,41,'Salma Beer','Saepe sit optio ea dolorem nihil facilis. Id nemo omnis ducimus voluptas est cumque necessitatibus.',2,'2019-06-13 10:38:17','2019-06-13 10:38:17'),(6,45,'Spencer Nolan','Qui ea expedita eveniet et optio iste qui. Est voluptatem numquam deleniti culpa explicabo temporibus. Quos et ex minus dolorum voluptates nisi ducimus. Ut dignissimos nihil velit autem harum harum.',3,'2019-06-13 10:38:17','2019-06-13 10:38:17'),(7,23,'Edythe Haag','Beatae necessitatibus impedit velit facere sint. Perferendis vel nobis quia error ad ut magnam. Natus cum distinctio nam tempore ducimus impedit labore. Et nihil labore corporis cum neque nobis est.',1,'2019-06-13 10:38:17','2019-06-13 10:38:17'),(8,40,'Mia Mills I','Et velit odit enim tempora aliquam aut. Enim ut tempore qui ex impedit saepe et. Maiores non aut nulla deserunt. Saepe unde eaque quis.',5,'2019-06-13 10:38:17','2019-06-13 10:38:17'),(9,27,'Ola Roberts','Sed sunt perferendis minima incidunt et et quam. Qui quia molestiae provident et. Harum enim autem maxime minus et voluptas. Eligendi et excepturi libero sapiente iure nobis.',3,'2019-06-13 10:38:17','2019-06-13 10:38:17'),(10,24,'Ferne Pagac','Illo sit perferendis fugit rerum reprehenderit. Velit consequatur voluptate voluptatibus et. Facere atque atque sint numquam dolores aperiam nemo.',1,'2019-06-13 10:38:17','2019-06-13 10:38:17'),(11,1,'Koby Wiegand','Placeat quos maiores praesentium in non eum et. Quod quo quisquam aut. Molestiae itaque ea molestiae sunt in sint.',4,'2019-06-13 10:38:17','2019-06-13 10:38:17'),(12,21,'Ayana Rohan','Quia autem illum omnis voluptatem quo consequatur. Ratione in quia a iure provident. Qui fugiat aut adipisci est magni non occaecati. Ut recusandae quam ab labore corporis.',1,'2019-06-13 10:38:17','2019-06-13 10:38:17'),(13,9,'Arielle Gaylord','Neque eos nemo sed tempore ut beatae. Exercitationem est ad beatae possimus molestias animi et quia. Quia qui possimus unde sint et aliquid soluta velit. Dignissimos est adipisci incidunt corrupti ea rerum tempora.',1,'2019-06-13 10:38:17','2019-06-13 10:38:17'),(14,7,'Miss Idella Kreiger I','Voluptatum aliquam sint rem ab est vitae enim. Natus et ut ratione fuga vero. Ducimus dolorem porro fuga qui.',1,'2019-06-13 10:38:17','2019-06-13 10:38:17'),(15,9,'Kathryn McClure II','Fugiat ut tempore aut dolore quod. Deleniti ut rerum suscipit ipsam libero iusto eos. Corrupti hic consequatur et voluptatem laboriosam.',1,'2019-06-13 10:38:17','2019-06-13 10:38:17'),(16,41,'Ms. Paula Toy','Voluptate at harum quia molestiae. Animi dolor quas molestiae quia explicabo officiis. Laboriosam qui laudantium pariatur et.',5,'2019-06-13 10:38:17','2019-06-13 10:38:17'),(17,13,'Ana Bartell','Porro aspernatur dolores tenetur ea. Quos et voluptatem perferendis labore. Nesciunt deserunt placeat provident et ipsam nobis ea omnis.',0,'2019-06-13 10:38:17','2019-06-13 10:38:17'),(18,33,'Ruthe Torphy','Sit inventore aliquid incidunt impedit blanditiis. Id soluta qui tempora sequi magni est voluptates. Nam quia est aliquid blanditiis eum natus architecto. Reiciendis est et dicta eum eos sit assumenda.',1,'2019-06-13 10:38:17','2019-06-13 10:38:17'),(19,26,'Sid Funk','Incidunt enim voluptatem nobis expedita libero et. Cupiditate tempora voluptatem earum ea. Sint exercitationem praesentium rem aut quae quia cumque et. Sunt vel officia voluptatem porro.',5,'2019-06-13 10:38:17','2019-06-13 10:38:17'),(20,15,'Hollie Zulauf DDS','Nobis quia placeat nulla culpa officia labore consectetur. Ut aliquam est et. Quis velit libero omnis et odit dolorum.',2,'2019-06-13 10:38:17','2019-06-13 10:38:17'),(21,2,'Keeley Swift','Culpa ex qui alias commodi repellendus. Et tempora et molestiae est molestiae.',1,'2019-06-13 10:38:17','2019-06-13 10:38:17'),(22,12,'Judd Botsford','Provident perferendis dolorem fugiat. Ut eaque magnam dignissimos voluptate tempora doloremque voluptatem. Inventore molestiae ipsum expedita.',5,'2019-06-13 10:38:17','2019-06-13 10:38:17'),(23,36,'Dr. Bernadette Kulas V','Aliquid iste quia odit neque rerum quis. Neque aut aut ut cum deleniti aut. Voluptatem omnis perspiciatis repudiandae in eius mollitia esse. Tenetur dolorem earum quo quia rem eligendi harum.',1,'2019-06-13 10:38:18','2019-06-13 10:38:18'),(24,13,'Erling Oberbrunner','Natus quisquam itaque fugit eveniet consequatur nulla. Qui deserunt consequuntur labore officia. Voluptas sint est velit repudiandae nihil ad rerum.',3,'2019-06-13 10:38:18','2019-06-13 10:38:18'),(25,35,'Addison Bradtke DVM','Ut est placeat optio cum porro minima et. Quod numquam ut incidunt debitis et aut ut. Occaecati laborum sint quasi atque. Repudiandae dolore tempore reprehenderit.',0,'2019-06-13 10:38:18','2019-06-13 10:38:18'),(26,33,'Audie Bartell III','Reiciendis ad voluptates aut asperiores asperiores officiis voluptatem. Ipsam veritatis aut ad velit est cumque eos. Dolorum quia laborum dolorem fugiat eaque hic.',5,'2019-06-13 10:38:18','2019-06-13 10:38:18'),(27,15,'Ines Roob','Et voluptatem tempore sunt quo aut libero. Aliquid fuga perferendis quia voluptas assumenda. Consectetur et ut cupiditate suscipit officia saepe. Praesentium similique hic id a velit aut consequatur.',0,'2019-06-13 10:38:18','2019-06-13 10:38:18'),(28,21,'Dr. Cristal Conn Jr.','Voluptatum et distinctio voluptatum molestias quasi facere aut eum. Voluptatem labore consequatur cumque eos. Non qui qui pariatur illum voluptates et et. Ut incidunt facilis velit pariatur aspernatur dolores.',3,'2019-06-13 10:38:18','2019-06-13 10:38:18'),(29,46,'Tina Torphy Jr.','Ducimus tenetur molestiae esse. Voluptatum nobis veniam id qui dolore ad. Saepe rerum molestiae et possimus dolores.',3,'2019-06-13 10:38:18','2019-06-13 10:38:18'),(30,14,'Prof. Rupert Heaney I','Tenetur sunt voluptates soluta est sed adipisci. Provident nihil sunt fugiat ut dignissimos. Natus nihil commodi a. Tempore eaque sunt rerum unde quod.',5,'2019-06-13 10:38:18','2019-06-13 10:38:18'),(31,20,'Kiana Tromp','Reiciendis et necessitatibus molestiae qui. Voluptatem mollitia eligendi et quaerat tempore sed. Ex voluptas in quia sunt repellat recusandae. Eos laboriosam deleniti suscipit velit et. Accusamus eveniet quia delectus mollitia fugiat.',2,'2019-06-13 10:38:18','2019-06-13 10:38:18'),(32,47,'Ms. Margaret Hackett','Nesciunt qui et ut possimus voluptas recusandae. Pariatur molestias quisquam magnam quidem voluptatem. Sed et ipsum alias ab eveniet quasi molestiae atque. Sunt ipsum consectetur nemo porro.',0,'2019-06-13 10:38:18','2019-06-13 10:38:18'),(33,18,'Brady Raynor','Dicta et blanditiis molestiae praesentium hic. Sunt ea porro in. Officia quia corporis facilis ipsum. Ipsum et eligendi ea deserunt.',5,'2019-06-13 10:38:18','2019-06-13 10:38:18'),(34,37,'Chasity Torp IV','Iste illo et soluta ipsa ut voluptatem earum. Velit qui dolorem dicta eaque alias et assumenda. Quibusdam voluptatem ipsam non voluptatem.',1,'2019-06-13 10:38:18','2019-06-13 10:38:18'),(35,27,'Josefa Leuschke','Ab molestiae asperiores aut autem voluptas consequatur. Sit nihil repellat quo et ea. Magni aspernatur rerum harum eius sint fuga.',5,'2019-06-13 10:38:18','2019-06-13 10:38:18'),(36,38,'Sabrina Grady','Exercitationem occaecati praesentium nostrum dolores ipsum. Nulla inventore est a unde inventore repellat. Veniam totam sit commodi qui corporis id est.',4,'2019-06-13 10:38:18','2019-06-13 10:38:18'),(37,30,'Dr. Retta Legros','Magnam voluptatem quasi voluptatem amet non. Temporibus quod fugiat quibusdam. Molestiae sed eaque incidunt vel. Possimus ut sed doloremque qui aperiam quo.',0,'2019-06-13 10:38:18','2019-06-13 10:38:18'),(38,43,'Ron Rosenbaum','Asperiores occaecati consequuntur ab nihil tenetur. Aut consequatur magni cupiditate pariatur consequuntur sunt atque quia. Enim aut est quo omnis sit et voluptatem.',2,'2019-06-13 10:38:18','2019-06-13 10:38:18'),(39,40,'Ms. Vena Beier I','Occaecati totam et laudantium est quas aperiam. Incidunt quia quo deleniti dolor in possimus.',5,'2019-06-13 10:38:18','2019-06-13 10:38:18'),(40,46,'Gene Eichmann','Aut vel perspiciatis enim aut molestiae provident harum doloribus. Eum veritatis velit itaque aut autem. Eum qui eos dolorem. At enim nesciunt quis id explicabo est non omnis.',1,'2019-06-13 10:38:18','2019-06-13 10:38:18'),(41,20,'Raegan Paucek DDS','Unde quis repellat sunt a et dolores. Tempore sint veniam totam laudantium cupiditate. Perferendis velit velit doloribus consequatur sit. Ea impedit qui dicta fuga voluptates ipsum illo.',2,'2019-06-13 10:38:18','2019-06-13 10:38:18'),(42,49,'Ernesto Kunze PhD','Atque autem pariatur cumque sequi molestias. Quasi neque accusamus quam maxime itaque minus perferendis deleniti. Odit nam modi iste ullam officiis in non ut.',0,'2019-06-13 10:38:18','2019-06-13 10:38:18'),(43,24,'Isom Erdman','Minima nostrum error dolore similique beatae officia eum. Illum ea labore inventore sed. Reprehenderit debitis aut voluptatibus reiciendis ab.',0,'2019-06-13 10:38:18','2019-06-13 10:38:18'),(44,15,'Amelia Schiller','Maiores dolorem accusantium sunt at. Voluptatem cumque blanditiis iusto repudiandae fugit pariatur quis aspernatur. Velit expedita molestiae voluptas non iste commodi. Nihil eum cumque repellat iste. Qui quis distinctio consectetur voluptas qui.',5,'2019-06-13 10:38:18','2019-06-13 10:38:18'),(45,3,'Sid Walker PhD','Aut qui ut laboriosam accusamus excepturi. Dolorem eum delectus aliquam sunt. Sint deserunt dolorum soluta nam. In ut vel dicta expedita nemo impedit laudantium.',4,'2019-06-13 10:38:18','2019-06-13 10:38:18'),(46,24,'Orlo Howell II','Sit eaque dolorem est vero qui eos voluptatem. Quam ut ut a eius quis laudantium odit. Et nulla earum neque aut est vel.',5,'2019-06-13 10:38:18','2019-06-13 10:38:18'),(47,38,'Meggie Murazik','Aut enim a eligendi totam dolores. Omnis in soluta et temporibus molestiae. Aut quos et dolorem voluptate et qui nihil. Voluptas nihil dignissimos tempora non magni alias quia.',5,'2019-06-13 10:38:18','2019-06-13 10:38:18'),(48,26,'Vilma Metz','Dicta soluta aliquam beatae culpa laboriosam. Dolores odit illum voluptas corrupti. Quasi totam facere magnam molestiae dolor et. Et atque non quas molestiae asperiores.',0,'2019-06-13 10:38:18','2019-06-13 10:38:18'),(49,17,'Gertrude Walsh','Quaerat architecto dolores dolore quia adipisci voluptatem illum. Ipsam minus doloribus sit repellendus a dolor. Voluptas itaque quos consequuntur in. Dolor amet facilis fugiat omnis modi repudiandae et.',3,'2019-06-13 10:38:18','2019-06-13 10:38:18'),(50,16,'Prof. Eliseo Kirlin Sr.','Sed omnis error rerum veniam suscipit enim sequi. Non illum quo dolorem et exercitationem enim vel. Voluptas velit eos vero.',4,'2019-06-13 10:38:18','2019-06-13 10:38:18'),(51,37,'Mr. Adonis Reynolds','Quos eos qui consequuntur blanditiis. Nemo nemo facere dolorum. Quae est vero eum voluptates debitis qui at. Consequatur quo recusandae accusantium sed unde. Qui ducimus asperiores fugiat iste.',0,'2019-06-13 10:38:18','2019-06-13 10:38:18'),(52,39,'Prof. Mellie Kreiger Jr.','Eum qui soluta ullam rem. Debitis rerum voluptatem magni eos. Vitae ipsa provident consequatur ut.',2,'2019-06-13 10:38:18','2019-06-13 10:38:18'),(53,4,'Prof. Micheal Lesch MD','Error illum voluptatem iusto illo sed aut. Reprehenderit mollitia repudiandae sed saepe dolorum necessitatibus. Eum expedita consequatur corrupti mollitia reprehenderit ad exercitationem cupiditate. Dignissimos voluptas harum reiciendis dicta.',0,'2019-06-13 10:38:19','2019-06-13 10:38:19'),(54,40,'Mr. Ryan Gulgowski','Cupiditate et adipisci mollitia enim. Ut mollitia perferendis quia dolores voluptas adipisci rem. Tenetur rerum et architecto dolorem maiores.',0,'2019-06-13 10:38:19','2019-06-13 10:38:19'),(55,3,'Walton Reichel Jr.','Ut autem maiores voluptatem optio possimus maiores ipsa nisi. Velit fugiat adipisci qui quo at. Rerum reprehenderit voluptate explicabo sed eum. Inventore unde facilis sequi alias magnam velit quis.',0,'2019-06-13 10:38:19','2019-06-13 10:38:19'),(56,18,'Clifton Olson','Quisquam dignissimos et dicta nostrum iusto. Rerum distinctio autem sunt nulla pariatur dignissimos. Fugiat repellendus expedita quae.',5,'2019-06-13 10:38:19','2019-06-13 10:38:19'),(57,30,'Allan Boehm','Ut aut similique aliquid quo et. Delectus dolor explicabo iure temporibus alias. Sit iste vitae consequatur fugiat tempora ea quod.',4,'2019-06-13 10:38:19','2019-06-13 10:38:19'),(58,1,'Leif Krajcik','Nobis eum optio velit dicta. Facilis magni quia provident molestiae explicabo et. Soluta quasi vel voluptatem autem maxime vero explicabo.',1,'2019-06-13 10:38:19','2019-06-13 10:38:19'),(59,23,'Leopoldo Schuster','Eum quia facere voluptatem dolore. Temporibus est enim aliquam. Id voluptas facilis iusto minus.',5,'2019-06-13 10:38:19','2019-06-13 10:38:19'),(60,37,'Lavinia Schaden','Aliquid velit fugiat ut omnis. Earum voluptatem doloremque repudiandae et vitae. Dignissimos autem aliquid odit unde. Aspernatur impedit totam necessitatibus dolorem magni fugiat.',1,'2019-06-13 10:38:19','2019-06-13 10:38:19'),(61,45,'Orpha Runolfsdottir','Aut totam assumenda eum nesciunt. Ipsam ipsa vero omnis totam itaque qui et. Corporis sint quasi qui ipsa numquam labore sit commodi. Quis neque esse animi.',0,'2019-06-13 10:38:19','2019-06-13 10:38:19'),(62,13,'Candace Gutkowski DDS','Doloribus minus rerum beatae qui vel quasi qui. Atque et ducimus laborum doloribus porro in magni in. Aut est at fuga doloremque. Illum perferendis qui autem voluptas mollitia.',5,'2019-06-13 10:38:19','2019-06-13 10:38:19'),(63,27,'Prof. Kathryne Larkin','Voluptas enim et pariatur voluptates id officia inventore. Quia architecto aut dolorem laboriosam sapiente et aut. Laudantium aut consequuntur ipsum autem molestiae ut officia.',3,'2019-06-13 10:38:19','2019-06-13 10:38:19'),(64,16,'Johnpaul Spinka','Et odio sunt a libero nostrum. Molestiae blanditiis fuga numquam voluptate a maxime similique. Est incidunt dolore autem repudiandae neque eius error. Praesentium ea est nesciunt amet.',5,'2019-06-13 10:38:19','2019-06-13 10:38:19'),(65,47,'Lauretta Durgan V','Dolore quia neque ipsum maxime. Culpa aut quo neque iusto quaerat nisi. Quibusdam accusantium itaque sapiente at fugiat iure nemo.',2,'2019-06-13 10:38:19','2019-06-13 10:38:19'),(66,46,'Ms. Megane Hagenes Jr.','Et unde earum non qui repellendus voluptate nam. Eveniet asperiores praesentium animi est nesciunt deleniti recusandae delectus. Sunt sit tempora minus sint vero.',0,'2019-06-13 10:38:19','2019-06-13 10:38:19'),(67,25,'Prof. Jaclyn Hyatt Jr.','Quia aspernatur quod hic enim sint. Rerum blanditiis rerum nihil atque quia nihil et. Iste est voluptas eum inventore voluptas.',5,'2019-06-13 10:38:19','2019-06-13 10:38:19'),(68,5,'Mr. Troy Dibbert IV','Laborum ut quibusdam et asperiores voluptatem aut dicta nulla. Iusto tempore et sed tempora excepturi iste aut vitae. Unde iure nobis commodi exercitationem quod accusamus aliquid dolorem.',5,'2019-06-13 10:38:19','2019-06-13 10:38:19'),(69,25,'Jeremie Auer','Reiciendis harum ratione est soluta quisquam molestiae modi. Rerum qui voluptatem est esse non doloremque distinctio. At quia et maxime aliquam eum. Incidunt veritatis est perspiciatis sed qui.',0,'2019-06-13 10:38:19','2019-06-13 10:38:19'),(70,39,'Vincenza Langworth','Facilis neque soluta commodi quod vel quis repellendus. Animi ut rerum rerum dolor porro dignissimos. Omnis veritatis illum magni voluptatem laudantium rerum suscipit. Qui autem perferendis soluta minus similique eaque.',5,'2019-06-13 10:38:19','2019-06-13 10:38:19'),(71,13,'Annabell Graham','Veritatis animi soluta ut nostrum cupiditate omnis voluptas. Consequatur minima ut numquam assumenda. Veritatis reprehenderit at deserunt qui. Aut illum at quis.',0,'2019-06-13 10:38:19','2019-06-13 10:38:19'),(72,21,'Lue Nienow','Quas reiciendis vitae quo ea. Aspernatur facere qui ad tenetur quas beatae. Ut ullam aut rem ipsa accusamus exercitationem saepe.',2,'2019-06-13 10:38:19','2019-06-13 10:38:19'),(73,20,'Madisen Jacobi','Assumenda minus adipisci sed occaecati dolorem aspernatur. Ut quaerat ipsa quam aut. Voluptatem veritatis corrupti enim excepturi minus ea non deserunt.',2,'2019-06-13 10:38:19','2019-06-13 10:38:19'),(74,9,'Warren Ankunding III','Nobis asperiores rerum et explicabo quo. Tempora tempore accusantium placeat nam. Perferendis nostrum qui tempore ex dicta exercitationem at.',1,'2019-06-13 10:38:19','2019-06-13 10:38:19'),(75,35,'Rosalee Dickinson','Repellendus illum porro tempore aliquid explicabo omnis. Consequuntur praesentium veniam vitae ea. Quia nihil sit reiciendis voluptate temporibus. Nostrum vel nemo id minus fugiat quae ea repellendus.',3,'2019-06-13 10:38:19','2019-06-13 10:38:19'),(76,26,'Helene Watsica','Illum fuga sequi voluptas fuga aliquam. Rerum perspiciatis et reiciendis temporibus ab.',4,'2019-06-13 10:38:19','2019-06-13 10:38:19'),(77,35,'Grant Runte DVM','Dicta et quidem aliquid quasi dicta. Totam aliquam ut laborum labore corrupti. Consequatur est inventore omnis autem nobis repellendus explicabo.',2,'2019-06-13 10:38:19','2019-06-13 10:38:19'),(78,5,'Ora Ankunding','Voluptatum expedita numquam quibusdam autem exercitationem reiciendis deleniti. Totam similique repudiandae corrupti optio. Deserunt quos dolor qui odit sequi labore fugiat. Hic sint ut deleniti ut.',1,'2019-06-13 10:38:19','2019-06-13 10:38:19'),(79,1,'Dr. Anahi Ondricka','Atque aut error sint aut. Consequatur qui voluptatibus at perspiciatis temporibus excepturi. Est explicabo eius exercitationem perspiciatis deleniti necessitatibus. Eligendi praesentium qui placeat voluptatem dignissimos consequatur.',0,'2019-06-13 10:38:19','2019-06-13 10:38:19'),(80,50,'Nicolette Cassin','Omnis vitae nobis est sed voluptate sed autem. Consequuntur tempore aut voluptas. Aperiam maiores consectetur deleniti expedita aut id iure hic. Consequatur et tenetur reiciendis fugit sequi omnis architecto sed.',0,'2019-06-13 10:38:19','2019-06-13 10:38:19'),(81,31,'Ms. Katlyn Cummerata Sr.','Qui quas molestiae est alias qui voluptas atque. Voluptatum similique est quibusdam dolorum fuga. Enim maxime et tenetur a.',5,'2019-06-13 10:38:19','2019-06-13 10:38:19'),(82,36,'Emma Lindgren','In id molestiae quia. In voluptatem repudiandae laboriosam praesentium illo. Numquam aut ut non tempore molestias similique. Odio ut tempore blanditiis iusto.',1,'2019-06-13 10:38:20','2019-06-13 10:38:20'),(83,18,'Mrs. Emma Heaney','Temporibus adipisci voluptatem aliquid esse aspernatur possimus numquam. Officia est voluptatem debitis eum qui. Aut amet cumque nulla omnis. Qui sed et deserunt unde voluptatum occaecati cumque. Voluptatibus sit repudiandae sed voluptatem eum vitae libero.',4,'2019-06-13 10:38:20','2019-06-13 10:38:20'),(84,19,'Betty Reichel V','Provident ipsa ut perferendis harum dolorem eveniet omnis. Alias illo molestiae repellat nihil aut.',0,'2019-06-13 10:38:20','2019-06-13 10:38:20'),(85,25,'Mr. Antonio Schultz','Maiores id veniam nihil perspiciatis error. Iusto sed et et sint et incidunt.',5,'2019-06-13 10:38:20','2019-06-13 10:38:20'),(86,37,'Pascale Watsica','Tenetur assumenda nesciunt eos molestiae atque. Recusandae itaque maxime sed tenetur dolorum. Quia provident temporibus quia molestiae saepe. Autem accusantium qui quia ullam.',4,'2019-06-13 10:38:20','2019-06-13 10:38:20'),(87,13,'Esmeralda Anderson','Est atque velit pariatur aut ea fugit. Laborum quidem eveniet consequatur recusandae neque. Perspiciatis eius voluptatem nihil sunt eum similique. Reiciendis debitis dolorum perferendis pariatur omnis ducimus non.',4,'2019-06-13 10:38:20','2019-06-13 10:38:20'),(88,27,'Kennedy Schinner','Consequatur voluptatem labore fuga aperiam ea aliquam. Autem quisquam dolorem enim non tenetur. Error esse eum consequatur quae et unde.',1,'2019-06-13 10:38:20','2019-06-13 10:38:20'),(89,48,'Jess Balistreri','Libero quis accusantium delectus sint corrupti dolore. Voluptatem rem molestiae saepe reiciendis sed officiis consequatur. Assumenda ex consectetur velit. Corrupti dolorem ut neque eos.',5,'2019-06-13 10:38:20','2019-06-13 10:38:20'),(90,15,'Rollin Smith','Est modi non voluptas voluptatem et ullam. Neque voluptas molestiae nostrum similique. Earum odit laudantium reprehenderit velit quos.',3,'2019-06-13 10:38:20','2019-06-13 10:38:20'),(91,31,'Dr. General Padberg','Nostrum voluptatibus distinctio quod esse esse est. Repudiandae quos consequatur ipsam voluptate voluptas facilis sit. Iusto aut sequi tenetur. Est in perferendis occaecati.',1,'2019-06-13 10:38:20','2019-06-13 10:38:20'),(92,32,'Lauryn Littel','Incidunt atque neque sequi accusamus commodi ipsam et. Natus recusandae harum impedit eaque et et. Nihil reprehenderit tempora voluptatem nulla reiciendis itaque.',5,'2019-06-13 10:38:20','2019-06-13 10:38:20'),(93,41,'Trinity Predovic','At perferendis qui aut qui officiis quis. Ipsam consequuntur recusandae eum distinctio quasi enim quibusdam. Tempora repudiandae iste aspernatur.',2,'2019-06-13 10:38:20','2019-06-13 10:38:20'),(94,43,'Yadira Williamson','Nihil et deserunt magni veniam quaerat dolores. Fugiat dolorem qui at veritatis officia. Ab et veniam et aut expedita. Qui et minus voluptatem quo. Molestiae debitis et sed voluptatibus aliquid.',2,'2019-06-13 10:38:20','2019-06-13 10:38:20'),(95,9,'Maude Casper','Suscipit consequuntur est et animi dolor suscipit ipsum ipsum. Consequatur ex voluptate voluptatibus numquam ut. Voluptatem vitae nisi quos vero. Perspiciatis amet tenetur qui id quo ratione.',1,'2019-06-13 10:38:20','2019-06-13 10:38:20'),(96,35,'Dr. Ashton Grady III','Autem et eveniet enim cumque dolor. Itaque hic ipsam debitis molestiae aut et omnis. Officiis velit non qui dolor totam.',2,'2019-06-13 10:38:20','2019-06-13 10:38:20'),(97,10,'Zaria Bartoletti','Molestias et deserunt quaerat nobis placeat quas a. Laboriosam corrupti eum quia facilis ut quia sed. Vel minus omnis totam voluptas dolores voluptatem dolorem rerum. At a quo optio vitae minus. Quidem quaerat repudiandae fugit sequi nam ut.',0,'2019-06-13 10:38:20','2019-06-13 10:38:20'),(98,5,'Hillary Grady','Non omnis cupiditate perspiciatis commodi pariatur explicabo voluptatem. Excepturi asperiores autem dolorem temporibus pariatur. Itaque et vitae repellendus excepturi odit dicta maiores sequi. Est dolorem earum sint suscipit.',2,'2019-06-13 10:38:21','2019-06-13 10:38:21'),(99,34,'Mr. Lawrence Gutmann DDS','Est illum facere dignissimos voluptate nobis quaerat. Ut cumque fuga sit eveniet qui sed officia. Ullam fuga temporibus reprehenderit.',2,'2019-06-13 10:38:21','2019-06-13 10:38:21'),(100,24,'Mr. Efren Watsica DVM','Natus delectus dolor minus aut sed. Expedita est rerum consequuntur sequi dolores sit impedit aut. Maxime vel voluptas assumenda eum. Ratione aut sed architecto earum.',4,'2019-06-13 10:38:21','2019-06-13 10:38:21'),(101,37,'Judson Ratke','Id excepturi ea incidunt distinctio alias. Incidunt sequi asperiores incidunt dolorem eaque consequatur qui. In laudantium accusamus ipsam. Est velit dolore quis omnis eum aut. Alias distinctio libero aspernatur error dolorum odit neque.',2,'2019-06-13 10:38:21','2019-06-13 10:38:21'),(102,45,'Ms. Eliza Pfeffer','Veritatis asperiores voluptatum non itaque optio rem quae voluptate. Quia consequuntur sed reprehenderit quibusdam numquam cupiditate nihil alias. Similique soluta voluptatem at vel nihil ratione sint.',5,'2019-06-13 10:38:21','2019-06-13 10:38:21'),(103,15,'Mr. Diamond Graham','Ut eos quo iusto commodi eveniet sit. Maiores enim repellat eum in sunt perspiciatis aliquid. Nam sed harum quae voluptas atque nostrum placeat sed.',4,'2019-06-13 10:38:21','2019-06-13 10:38:21'),(104,5,'Rasheed Schulist','Dolorem fugit molestiae consequatur. Repellendus necessitatibus et dolorem animi. Consequuntur laborum facere dignissimos dolor omnis itaque.',0,'2019-06-13 10:38:21','2019-06-13 10:38:21'),(105,21,'Alana Fahey','Id similique qui fugit cumque rem. Aut eos quia blanditiis maiores atque sint. Amet possimus aut repudiandae veritatis qui.',5,'2019-06-13 10:38:21','2019-06-13 10:38:21'),(106,17,'Carolyn Ortiz','Soluta voluptatibus amet harum itaque ut iure cumque. Reiciendis aut aliquid doloremque repellat sed laudantium. Nisi nulla quo aliquam soluta quo. Recusandae molestias exercitationem vero cupiditate rerum.',5,'2019-06-13 10:38:21','2019-06-13 10:38:21'),(107,27,'Mike Hahn','Nostrum sit ut corporis voluptates. Non repellendus dicta at et rerum. Quis sapiente odio facilis.',5,'2019-06-13 10:38:21','2019-06-13 10:38:21'),(108,45,'Mr. Trace Schmeler','Itaque quidem rem quia est. Accusamus minima quia et possimus. Atque iusto fugiat aliquam officia.',2,'2019-06-13 10:38:21','2019-06-13 10:38:21'),(109,34,'Vicente Osinski','Et et earum est sit fuga inventore omnis corporis. Commodi deserunt et dolorum et vel debitis. Rerum dolorem autem assumenda laborum velit. Exercitationem facilis illo consequatur nesciunt rerum.',2,'2019-06-13 10:38:21','2019-06-13 10:38:21'),(110,24,'Heather Rowe','Dolorum quia at voluptas id totam veritatis. Veniam architecto commodi qui aut ut eos et. Nihil nemo ut quo qui.',0,'2019-06-13 10:38:21','2019-06-13 10:38:21'),(111,19,'Major McCullough DVM','Tempora dolor adipisci ea pariatur et. Magni ullam eveniet iste sed dicta. Et qui exercitationem ut at sit numquam voluptatem. Temporibus itaque exercitationem eos voluptas nemo. Repellat voluptas quo fuga praesentium.',0,'2019-06-13 10:38:21','2019-06-13 10:38:21'),(112,35,'Amanda Feest','Et velit voluptatum repellendus libero inventore maxime rerum eveniet. Laudantium qui officiis dignissimos hic soluta quaerat nihil. Quo vel odit odio non cumque. Doloribus doloribus molestiae aspernatur aliquid esse culpa.',2,'2019-06-13 10:38:21','2019-06-13 10:38:21'),(113,38,'Cora Altenwerth','Et doloremque omnis nihil explicabo ut perspiciatis praesentium. Sint est vero fugit molestiae. Consequatur adipisci tempora tempore dolores. Maxime tempore eligendi alias aperiam neque saepe officiis. Adipisci natus sit exercitationem quia et earum.',0,'2019-06-13 10:38:21','2019-06-13 10:38:21'),(114,16,'Braeden Altenwerth','Soluta deleniti iusto recusandae maiores consequatur. Perspiciatis quia culpa fugit excepturi aut. Consequuntur aliquam et molestias mollitia quia. Quas ipsum atque non incidunt nulla et.',4,'2019-06-13 10:38:21','2019-06-13 10:38:21'),(115,11,'Dr. Bernadette Treutel','Quia quo fuga est minima voluptates enim architecto. Est sed eligendi placeat doloribus natus. Dolor aspernatur quidem dolore est et quidem nihil. Optio aut in optio.',4,'2019-06-13 10:38:21','2019-06-13 10:38:21'),(116,15,'Mr. Myrl Dare PhD','Ut facere laborum est cupiditate eum expedita dicta. Odit rem enim ut ipsum omnis nobis. Velit recusandae rerum sunt ipsum itaque et nemo qui. Molestiae velit hic asperiores beatae molestiae.',2,'2019-06-13 10:38:21','2019-06-13 10:38:21'),(117,8,'Gerson Walsh','Occaecati et voluptas commodi ut omnis qui. Voluptatem provident cum aut itaque quam nisi voluptas. Sit tempora repellendus eos et natus.',4,'2019-06-13 10:38:21','2019-06-13 10:38:21'),(118,21,'Dr. Skyla Corkery','Nostrum qui id id laudantium fugiat veniam beatae. Cumque et enim et exercitationem. Expedita placeat ea porro consequuntur qui. Adipisci temporibus excepturi debitis ea adipisci quia maiores voluptas.',0,'2019-06-13 10:38:21','2019-06-13 10:38:21'),(119,30,'Lilian Brown','Eius veritatis magni dolor id. Quod recusandae cumque consequatur pariatur iusto. Est ut consequatur consequatur quae aut non sequi.',3,'2019-06-13 10:38:21','2019-06-13 10:38:21'),(120,17,'Eryn Mohr','Voluptate totam et voluptate fugit ullam quas tempora. Quia animi unde ex reprehenderit debitis rem. Illum consectetur et corrupti eaque quo fugit. Consectetur beatae quia perferendis dolor dolorem aut.',0,'2019-06-13 10:38:21','2019-06-13 10:38:21'),(121,29,'Braeden Beahan Sr.','Voluptatem et qui dicta id. Autem consequatur aliquam autem quia. Voluptas perferendis aliquam soluta corrupti et aliquam.',0,'2019-06-13 10:38:21','2019-06-13 10:38:21'),(122,9,'Margarete Hyatt','Molestiae sint similique voluptates voluptate aperiam voluptatibus qui. Rem nesciunt porro autem reiciendis iure aut. Ut nemo non dolorem numquam et ea. Odio officia dolor ad modi exercitationem commodi eum.',0,'2019-06-13 10:38:21','2019-06-13 10:38:21'),(123,22,'Dr. Gabrielle Kemmer','Dolores velit tenetur quas sunt. Sit eius dolore qui excepturi totam quas in voluptatem. Modi reiciendis qui vel et harum ipsum. Tempora rerum repellendus dignissimos.',1,'2019-06-13 10:38:21','2019-06-13 10:38:21'),(124,37,'Major Olson','Soluta est beatae dolorem qui voluptatem enim. Occaecati facilis error quia aliquam ex. Assumenda ut nesciunt quis officiis architecto culpa.',0,'2019-06-13 10:38:21','2019-06-13 10:38:21'),(125,35,'Prof. Della Kuphal','Recusandae unde quisquam quia totam quis modi. Quis sunt repellendus assumenda facilis tenetur laudantium. Reprehenderit iure quia ullam consequatur veritatis modi.',2,'2019-06-13 10:38:22','2019-06-13 10:38:22'),(126,46,'Christelle Roberts DVM','Mollitia quisquam est saepe. Velit velit optio nemo ratione dolore voluptas ut beatae. Dolor reiciendis expedita voluptates quibusdam ut consequatur et fugit.',3,'2019-06-13 10:38:22','2019-06-13 10:38:22'),(127,12,'Darlene Padberg IV','Maiores pariatur ad nemo sunt. Dolorem dolores impedit est animi sunt. Aliquam autem assumenda quidem pariatur. Mollitia nulla earum quasi nesciunt. Dolorem autem ut officia adipisci.',1,'2019-06-13 10:38:22','2019-06-13 10:38:22'),(128,41,'Ismael Ferry','Incidunt voluptatem voluptatibus quo sequi ab occaecati qui. Explicabo corporis voluptatem alias laboriosam. Cum eos velit maxime qui nulla. Molestiae explicabo consectetur omnis ut.',2,'2019-06-13 10:38:22','2019-06-13 10:38:22'),(129,1,'Kristina Haley','Sed cum ipsam nihil accusantium necessitatibus. Tenetur voluptas voluptate enim provident voluptatibus in. Velit et ipsa et nesciunt voluptas.',0,'2019-06-13 10:38:22','2019-06-13 10:38:22'),(130,37,'Godfrey Legros','Dolor dolor aliquam modi veniam et unde. Ipsum velit non consectetur commodi. Nostrum dignissimos iure eum fugit non non quam.',0,'2019-06-13 10:38:22','2019-06-13 10:38:22'),(131,8,'Remington Konopelski','Odit autem deserunt modi voluptates ducimus. Dolorum officiis fugit unde quae. Doloribus occaecati dolor cupiditate consequatur facilis explicabo est sit. Ex amet provident debitis.',0,'2019-06-13 10:38:22','2019-06-13 10:38:22'),(132,16,'Kaitlin Simonis','Expedita accusantium illo et quis eligendi eligendi sint. Natus impedit cupiditate cupiditate qui nisi tenetur laboriosam. Vel deserunt consequuntur aut dolor rerum.',5,'2019-06-13 10:38:22','2019-06-13 10:38:22'),(133,3,'Dr. Lucius Koelpin','Voluptas et ducimus quae nemo ex asperiores ducimus. Consequatur reprehenderit illum asperiores consectetur. Est porro molestias laborum labore expedita consequatur. Delectus magnam laboriosam eos eum dolore vel.',0,'2019-06-13 10:38:22','2019-06-13 10:38:22'),(134,26,'Amber Raynor','Aliquam similique repellendus ea dolor. Debitis sunt mollitia neque dolorem architecto. Ratione ipsum tempora quasi reiciendis numquam.',5,'2019-06-13 10:38:22','2019-06-13 10:38:22'),(135,44,'Dr. Lacey Swift','Eligendi odio fugit unde odio ab aut eveniet sapiente. Laborum quia provident aut quo non quo tempore. Qui consequatur expedita fugit odit. Aperiam architecto omnis aspernatur voluptas officiis possimus.',5,'2019-06-13 10:38:22','2019-06-13 10:38:22'),(136,30,'Lucious Cremin','Et repellendus reprehenderit placeat sit iure. Exercitationem error voluptatum consequuntur temporibus in quas. Vel sed dignissimos earum totam voluptatem.',3,'2019-06-13 10:38:22','2019-06-13 10:38:22'),(137,19,'Javon Maggio','Dolor ea et sapiente. Expedita quis autem similique necessitatibus labore. Pariatur rerum sunt quo accusamus placeat. Animi eos sapiente iure possimus.',2,'2019-06-13 10:38:22','2019-06-13 10:38:22'),(138,48,'Lavinia Grant','Facilis repellat optio esse quos vel iure aut. Qui nesciunt sit cupiditate. Illo delectus odit rem dolores. Ut ab quibusdam aut quos ut id quam voluptatem.',4,'2019-06-13 10:38:22','2019-06-13 10:38:22'),(139,39,'Irwin O\'Keefe','Doloribus iusto numquam autem animi et illum. Dolor incidunt sed asperiores quasi soluta iusto. Et quidem nihil iure illum maxime sed voluptates.',2,'2019-06-13 10:38:22','2019-06-13 10:38:22'),(140,7,'Damon Berge Jr.','Nulla fugit voluptas est ex non perspiciatis. Perspiciatis distinctio maxime atque enim nihil omnis. Est aliquam voluptate quia perspiciatis.',1,'2019-06-13 10:38:22','2019-06-13 10:38:22'),(141,24,'Damon Johnston','Quas id non impedit optio. Sed molestiae qui natus et vel. Voluptatum vel eius voluptas exercitationem nam impedit. Rerum ut minima repellat.',4,'2019-06-13 10:38:22','2019-06-13 10:38:22'),(142,8,'Donato Lueilwitz','Qui non error non perspiciatis iste dignissimos. Sint eum illum et possimus doloribus qui. Omnis voluptatum nulla quaerat veniam et eos vel.',4,'2019-06-13 10:38:22','2019-06-13 10:38:22'),(143,15,'Avis Hayes','Quod et sit voluptatem occaecati harum dolor suscipit. Aut in provident maiores atque voluptatibus quia repellat. Non quisquam doloribus incidunt deleniti qui nam fugit. Quisquam ut non ipsa facilis repellendus exercitationem voluptas.',1,'2019-06-13 10:38:22','2019-06-13 10:38:22'),(144,38,'Prof. Jacklyn Krajcik','Aperiam omnis repudiandae aspernatur voluptatum. Recusandae fuga non perspiciatis dolorem veniam quia nihil modi. Enim consequatur excepturi natus sequi quisquam.',2,'2019-06-13 10:38:22','2019-06-13 10:38:22'),(145,37,'Lauren Erdman','Corrupti impedit sint veniam aspernatur sit. Sequi et fugit exercitationem eum molestiae. Quia dolore adipisci harum ipsa. Optio dignissimos cum eius enim tempore.',5,'2019-06-13 10:38:22','2019-06-13 10:38:22'),(146,30,'Ellen Huels','Ut esse quia qui culpa et. Repudiandae adipisci voluptates aperiam mollitia quia. Consequatur perspiciatis aperiam asperiores porro consectetur. Eos molestiae qui explicabo distinctio quo.',5,'2019-06-13 10:38:22','2019-06-13 10:38:22'),(147,23,'Darrel Morissette','Rerum ut eius perferendis iste libero id. Nesciunt soluta aut eum rerum eum odit accusantium. Sint ea quo vero aut voluptates ea et. Dolores sit alias odio unde animi.',3,'2019-06-13 10:38:22','2019-06-13 10:38:22'),(148,49,'Georgiana Beatty','Architecto animi id qui aperiam. Id numquam vel delectus numquam sed. In qui hic ipsum ad. Aliquid eos quibusdam commodi voluptatem.',2,'2019-06-13 10:38:22','2019-06-13 10:38:22'),(149,6,'Miss Sasha Nicolas V','Impedit aliquam ex beatae temporibus in. Eius reiciendis libero voluptates accusamus. Minima voluptate quas explicabo sequi minima. Nobis nulla quaerat nihil ut ex quis. Cum illo dolorum minus harum dolore debitis.',4,'2019-06-13 10:38:22','2019-06-13 10:38:22'),(150,14,'Ciara Hammes','Nemo provident quisquam voluptatibus quibusdam soluta. Odit voluptas animi omnis iure. Voluptatum nostrum ut quis ea aut in. Autem aut iste consectetur quam.',1,'2019-06-13 10:38:22','2019-06-13 10:38:22'),(151,22,'Nelda Upton II','Voluptas maiores iusto vel est sit magni libero animi. Earum alias enim ab et et incidunt maxime. Qui nihil quaerat itaque incidunt quia. Nemo non nam et quo consequatur.',1,'2019-06-13 10:38:22','2019-06-13 10:38:22'),(152,48,'Dr. Columbus Lueilwitz Sr.','Eaque voluptatibus voluptatem itaque repudiandae. Consectetur explicabo voluptas laudantium rerum. Voluptatem rem et autem in.',3,'2019-06-13 10:38:22','2019-06-13 10:38:22'),(153,14,'Declan Bosco','Ut asperiores accusantium quo architecto. Aut voluptatem aut aut deserunt placeat. Saepe tempore consequuntur iste et ab nostrum.',4,'2019-06-13 10:38:22','2019-06-13 10:38:22'),(154,39,'Rosella Beer','Vel cumque dignissimos velit veniam explicabo non iure. Et mollitia aut et asperiores. Consequatur sit perspiciatis neque ab.',1,'2019-06-13 10:38:23','2019-06-13 10:38:23'),(155,34,'Tara Hoppe','Nihil perspiciatis vel omnis laboriosam maxime explicabo officiis. Suscipit praesentium sunt quibusdam velit. Repellendus nihil et error rem ut dignissimos veniam repudiandae.',5,'2019-06-13 10:38:23','2019-06-13 10:38:23'),(156,19,'Abbey Towne','Ducimus porro nesciunt aut non voluptas quasi. At dolorum nam unde ducimus blanditiis quia facere. Nulla voluptates ducimus fugit quo.',3,'2019-06-13 10:38:23','2019-06-13 10:38:23'),(157,36,'Mohammed Hintz','Ea culpa blanditiis quia qui quas excepturi. Et non ut dignissimos. Molestiae temporibus deleniti eum omnis minus. Ratione a dolorem omnis numquam repudiandae neque in.',5,'2019-06-13 10:38:23','2019-06-13 10:38:23'),(158,30,'Taya Casper','Asperiores ducimus exercitationem hic minima quia. Quas praesentium dolor eaque eum omnis. Voluptatum similique amet possimus vel consequuntur praesentium laborum.',0,'2019-06-13 10:38:23','2019-06-13 10:38:23'),(159,25,'Kailee Stoltenberg','Totam non et itaque sint. Rerum rerum error modi qui recusandae architecto. Minima deleniti minus sed voluptatibus est beatae. Distinctio exercitationem tempora nobis laboriosam.',3,'2019-06-13 10:38:23','2019-06-13 10:38:23'),(160,34,'Mr. Marco Marks DDS','Quia similique explicabo nostrum sed sint. Labore cupiditate perferendis aut provident sed. Aut odit qui veritatis fugit ut deserunt.',0,'2019-06-13 10:38:23','2019-06-13 10:38:23'),(161,15,'Freida Waters','Dolore commodi culpa a enim libero optio porro. Iure quia facilis et odio sit atque. Blanditiis eaque sint dolorem magnam exercitationem. Est tenetur ut neque culpa omnis sapiente voluptatem. Hic ipsa quo rerum nisi.',2,'2019-06-13 10:38:23','2019-06-13 10:38:23'),(162,25,'Javier Yost','Et adipisci ut rerum iusto omnis qui est. Dolorem soluta ut nobis earum cum fugit. Atque accusantium adipisci aut.',2,'2019-06-13 10:38:23','2019-06-13 10:38:23'),(163,12,'Brock Ebert Sr.','Officia et nostrum vitae cupiditate. Sapiente hic non delectus error quas at quaerat beatae. Nostrum officia repellat dolor molestias quidem.',0,'2019-06-13 10:38:23','2019-06-13 10:38:23'),(164,47,'Ted Upton','Omnis voluptatem quia et nostrum nam. Iure voluptatem inventore ab eum molestiae aut. Quam debitis sequi exercitationem. Omnis velit sequi praesentium nobis nobis beatae.',4,'2019-06-13 10:38:23','2019-06-13 10:38:23'),(165,36,'Lera Kulas','Molestiae labore pariatur adipisci voluptate voluptas neque nostrum. Eum libero itaque et beatae corrupti commodi suscipit aut. Numquam repudiandae aut facere unde iure.',0,'2019-06-13 10:38:23','2019-06-13 10:38:23'),(166,2,'Mrs. Alta Schuppe','Id aut quia eos sit reprehenderit ut. Qui provident dolorem aspernatur ut quo quibusdam facilis. Totam corrupti voluptas earum modi. Vel consequatur repellendus culpa velit praesentium.',1,'2019-06-13 10:38:23','2019-06-13 10:38:23'),(167,34,'Gail Greenfelder','Dolorem aut error aspernatur deleniti. Velit quas eum dolorem est. Sunt fugiat repellendus consequatur hic possimus molestiae. Est iure autem illo rerum.',2,'2019-06-13 10:38:23','2019-06-13 10:38:23'),(168,44,'Briana Stamm','Ullam laudantium nemo maxime et magnam error accusantium. Voluptatibus dolorem est eos est autem. Qui numquam saepe rem aliquam est neque. Nesciunt recusandae aliquid earum placeat quod illum distinctio assumenda.',5,'2019-06-13 10:38:23','2019-06-13 10:38:23'),(169,8,'Kayden Weissnat III','Velit consequatur voluptatem molestiae sequi illum ut expedita. Laudantium eius est temporibus voluptas aliquam saepe. Sed est iste id sapiente eaque ad dolor. Iusto ducimus laborum saepe dolores dolorum blanditiis.',2,'2019-06-13 10:38:23','2019-06-13 10:38:23'),(170,14,'Cortez Glover','Quisquam ut sed consequuntur temporibus vero. Perferendis minus sit facilis ex non. Sit pariatur consequatur impedit ex sunt omnis. Voluptate repudiandae commodi tempora quis.',4,'2019-06-13 10:38:23','2019-06-13 10:38:23'),(171,8,'Mr. Ariel Bins','Voluptates laudantium enim et aperiam maxime unde at aut. Quisquam voluptates dolore qui impedit voluptatem. Vel qui minima beatae tenetur. Sunt soluta quisquam quis quas enim harum fugiat. Et error libero deleniti est architecto.',4,'2019-06-13 10:38:23','2019-06-13 10:38:23'),(172,50,'Lilian Swaniawski DDS','Mollitia et placeat quis vitae sunt. Reprehenderit et repellat repellat voluptas id. Sit dolorum quibusdam et modi velit veritatis facere. Tenetur dolorem voluptatem pariatur fuga.',0,'2019-06-13 10:38:23','2019-06-13 10:38:23'),(173,34,'Mrs. Ena Mueller Jr.','Sunt perspiciatis veniam error aliquid asperiores perspiciatis voluptatem ipsa. Quam velit non aut aperiam. Est ut occaecati accusantium amet quas doloremque nemo. Dolores facilis harum voluptatem sed numquam esse.',4,'2019-06-13 10:38:23','2019-06-13 10:38:23'),(174,19,'Prof. Felicita Kulas','Debitis nihil veniam consequatur ipsa ipsum. Sint autem molestiae sint praesentium rerum neque. Distinctio rerum qui maiores molestiae culpa. Ratione earum enim illum itaque et.',3,'2019-06-13 10:38:23','2019-06-13 10:38:23'),(175,1,'Dr. Devyn Stamm','Facere aperiam est et qui accusantium rerum quos. Harum nostrum a aut incidunt quo quos quis cumque. Rerum dolor sit velit voluptatem accusantium. Voluptas voluptatem eos at animi eligendi eius voluptas.',4,'2019-06-13 10:38:23','2019-06-13 10:38:23'),(176,35,'Jedediah Lehner V','Et aut qui in facere dolor laborum. Adipisci est non autem voluptatem. Possimus enim consequatur sint qui sunt.',0,'2019-06-13 10:38:23','2019-06-13 10:38:23'),(177,7,'Randall Langosh','Eveniet dolore aperiam nihil dolorem. Nobis maxime eveniet aut officia ut ex consequatur. Natus quam voluptates eius exercitationem facere sed sed.',0,'2019-06-13 10:38:23','2019-06-13 10:38:23'),(178,20,'Makayla Kling Jr.','Dolor maxime consequuntur autem qui quidem. Aut facilis quo et voluptate porro molestiae. Ut ea voluptatem sit illo in et. Qui quas animi vel ipsa sint et.',2,'2019-06-13 10:38:23','2019-06-13 10:38:23'),(179,11,'Miss Marie Turcotte','Eveniet sit esse aperiam ut facere deserunt. Tenetur fuga aut illum quis.',3,'2019-06-13 10:38:24','2019-06-13 10:38:24'),(180,29,'Dr. Stephen D\'Amore','Quia voluptates sint maiores quod quia. Iusto rerum quo perferendis commodi quis omnis. Quo molestias non ipsam tempora quia. Molestiae accusamus fugiat id dignissimos corporis amet et.',0,'2019-06-13 10:38:24','2019-06-13 10:38:24'),(181,2,'Mathilde Schaden','Voluptas ullam nesciunt officiis nemo rerum nostrum ea. Ipsum voluptas est at ipsam dolor. Odit sit asperiores pariatur esse voluptas nostrum qui. Accusantium iusto sint explicabo et aliquam iure ad.',1,'2019-06-13 10:38:24','2019-06-13 10:38:24'),(182,41,'Coy Hamill','Sint quibusdam eum reiciendis quod consequuntur voluptatibus. Rerum qui enim aut temporibus autem. Odit saepe velit rerum. Voluptatem aut rerum corporis aut dolor velit.',3,'2019-06-13 10:38:24','2019-06-13 10:38:24'),(183,15,'Baby Dicki','Quis aut hic aut saepe dolores dolorem. Quisquam nesciunt labore autem saepe et est debitis. Facilis nostrum tempora repudiandae voluptas et eos vero nemo. Et sint pariatur nisi laudantium ipsum.',1,'2019-06-13 10:38:24','2019-06-13 10:38:24'),(184,22,'Vickie Fahey','Et sit voluptates adipisci laborum molestias non. Veritatis omnis dicta saepe hic aspernatur sit sed porro. Sunt ipsa illo non doloribus. Reprehenderit optio laudantium fuga modi.',4,'2019-06-13 10:38:24','2019-06-13 10:38:24'),(185,39,'Miss Jakayla Beatty V','Corrupti voluptates quidem ut placeat rerum quas occaecati. Sequi dolorem ad vel non temporibus repellat. Maxime alias in totam amet. Consequuntur occaecati cumque dolores excepturi harum.',1,'2019-06-13 10:38:24','2019-06-13 10:38:24'),(186,50,'Mrs. Ova Hand DDS','Nam aut libero omnis natus. Incidunt quaerat iure dolor iste nihil omnis incidunt. Illo dolorem est earum facere libero. Ratione harum est quo nihil atque. Praesentium tempore dolores autem.',4,'2019-06-13 10:38:24','2019-06-13 10:38:24'),(187,2,'Aliya Fay','Qui animi qui alias nihil unde consequatur non autem. Et harum voluptatem molestiae perferendis vel tenetur.',4,'2019-06-13 10:38:24','2019-06-13 10:38:24'),(188,12,'Bernie Cronin','Adipisci aut quo quibusdam blanditiis. Corrupti voluptatibus natus corrupti laudantium quia. Labore alias aperiam quae voluptatibus rerum alias. Non sapiente et ut eos aut.',1,'2019-06-13 10:38:24','2019-06-13 10:38:24'),(189,21,'Dr. Kaia Swaniawski','Sed laudantium architecto id aliquam sed qui vel. Dolorem nobis aut consequatur earum omnis. Vitae eveniet est non praesentium. Voluptate quasi et veniam totam fugiat blanditiis hic esse.',4,'2019-06-13 10:38:24','2019-06-13 10:38:24'),(190,42,'Mr. Brycen Hyatt','Laboriosam molestias nobis sunt asperiores nobis explicabo ut. Doloribus a enim reiciendis quia deleniti rerum. Tempora quos exercitationem voluptatum impedit.',5,'2019-06-13 10:38:24','2019-06-13 10:38:24'),(191,31,'Faustino Sawayn','Veritatis cum illo repudiandae quis veniam recusandae. Sapiente doloremque quia nihil quisquam numquam qui.',4,'2019-06-13 10:38:24','2019-06-13 10:38:24'),(192,5,'Lavon Hettinger','Reiciendis sequi ipsam dolor alias dicta rerum. Ut enim autem corrupti atque suscipit omnis. Dolor dolorem asperiores sunt.',4,'2019-06-13 10:38:24','2019-06-13 10:38:24'),(193,13,'Rhea Padberg','Architecto molestiae sapiente sunt corporis quaerat quo laudantium. Modi et ex a dolore molestias dolores. Eaque voluptatibus et ut consectetur.',0,'2019-06-13 10:38:24','2019-06-13 10:38:24'),(194,3,'Enrico Lockman','Fuga est repellendus aliquid repellat. Sit velit voluptatibus vitae temporibus. Aut animi asperiores minus commodi nulla sint ea. Qui nam esse rerum iure officiis temporibus.',1,'2019-06-13 10:38:24','2019-06-13 10:38:24'),(195,10,'Wilhelm Buckridge','Dicta distinctio dolor aliquid qui dignissimos unde. Iusto et porro id possimus pariatur.',0,'2019-06-13 10:38:24','2019-06-13 10:38:24'),(196,35,'Sydnie Bogan','Neque mollitia voluptatem aut tempora eaque cumque eaque. Et labore sint ad quod. Animi sapiente porro aut sapiente id repudiandae. Eligendi dolorum esse eveniet aut id.',0,'2019-06-13 10:38:24','2019-06-13 10:38:24'),(197,24,'Hector Steuber','Tempora expedita quibusdam quia porro cupiditate. Quaerat sed rerum perspiciatis possimus dolorem. Et nobis dolor facilis id.',3,'2019-06-13 10:38:24','2019-06-13 10:38:24'),(198,32,'Mrs. Aracely Rodriguez V','Ut sed dolorem et consequatur. Culpa voluptatem dolorum porro ut aliquam. Animi harum id quis voluptatum est velit. In asperiores et cum fuga.',0,'2019-06-13 10:38:25','2019-06-13 10:38:25'),(199,42,'Cecile Macejkovic','Minus enim culpa enim. Eveniet consectetur deserunt laborum. Omnis tempora aliquid in maiores.',4,'2019-06-13 10:38:25','2019-06-13 10:38:25'),(200,15,'Vilma Hyatt','Aspernatur veritatis tenetur ut quia eum excepturi. Aut dolores et blanditiis sequi. Sapiente vero ea cupiditate tempore eaque consequatur. Incidunt ut libero nobis dolor iusto ipsa aut.',2,'2019-06-13 10:38:25','2019-06-13 10:38:25'),(201,49,'Marlen Doyle IV','Eligendi ex dicta voluptatibus voluptas. Hic voluptas qui eos atque. Qui qui quo architecto voluptatum et. Consequatur corrupti sint vitae doloribus earum sint voluptatibus. Ut quibusdam est quibusdam accusantium aut excepturi.',1,'2019-06-13 10:38:25','2019-06-13 10:38:25'),(202,18,'Elvie Erdman','Saepe sed deserunt aperiam. Nam rerum repellendus aut aut delectus vero ab. Ea ut et excepturi. Voluptas ea recusandae veritatis ipsa.',5,'2019-06-13 10:38:25','2019-06-13 10:38:25'),(203,35,'Angie Shanahan','Repudiandae corrupti quia commodi omnis praesentium. Commodi inventore officia corporis molestiae. Fugiat saepe a minus ut minima in autem. Modi id voluptatem aperiam et eos rerum.',3,'2019-06-13 10:38:25','2019-06-13 10:38:25'),(204,8,'Ally Gleichner','Dignissimos quod corporis autem consequuntur voluptas. Eveniet vero aut possimus error repellat eveniet. Quia omnis beatae veniam aut dolor sequi nihil.',5,'2019-06-13 10:38:25','2019-06-13 10:38:25'),(205,40,'Kaden Ryan','Ullam cum esse aut labore dolorem. Sequi expedita id optio. Est amet natus mollitia sit dolorum praesentium. Reprehenderit aut officia nobis delectus debitis ut dolorum.',4,'2019-06-13 10:38:25','2019-06-13 10:38:25'),(206,20,'Prof. Antwon Brakus','Nesciunt modi rerum et id nisi rerum. Et modi sint consequatur sunt repellat voluptatum. Veritatis tenetur nostrum nemo reiciendis impedit officiis consequuntur. Voluptatibus debitis fugit minima autem assumenda aut cum.',4,'2019-06-13 10:38:25','2019-06-13 10:38:25'),(207,5,'Brennan Carter','Natus quia ex dignissimos. Inventore earum sapiente in. Libero cupiditate qui modi quod ut dolor hic sit. Fuga possimus ipsum saepe voluptas.',5,'2019-06-13 10:38:25','2019-06-13 10:38:25'),(208,42,'Alan Batz','Occaecati exercitationem dolor omnis adipisci. Accusantium voluptatibus sit laudantium fuga voluptatem occaecati. Fugiat soluta quas vero nisi.',5,'2019-06-13 10:38:25','2019-06-13 10:38:25'),(209,39,'Ms. Adele Fadel Jr.','Aliquid sit cupiditate et. Explicabo consequatur consequatur et provident deserunt odio esse. Nam et culpa quos delectus corporis amet dolorum.',3,'2019-06-13 10:38:25','2019-06-13 10:38:25'),(210,50,'Fannie Weissnat','Corrupti enim nostrum vitae doloremque culpa. Inventore porro velit laborum vitae. Quod cumque voluptatem maiores deserunt error et rerum.',0,'2019-06-13 10:38:25','2019-06-13 10:38:25'),(211,42,'Jaiden Hammes','Dolorem modi non nesciunt autem consequatur quisquam natus. Facere tenetur sunt sed consectetur itaque quisquam harum. Et minus et harum. Nam adipisci velit nihil.',5,'2019-06-13 10:38:25','2019-06-13 10:38:25'),(212,35,'Annabell Prosacco II','Accusamus nam deleniti repellat quia. Sit voluptatibus hic commodi aut quod necessitatibus eligendi. Veniam architecto enim fugiat et sed. Consequatur neque magni vitae modi consectetur quis qui.',1,'2019-06-13 10:38:25','2019-06-13 10:38:25'),(213,27,'Giovanni Dooley III','Sint soluta repellat est voluptatem est qui enim. Voluptas veritatis quibusdam voluptatem non iste modi dolores. Iste id at similique illo. A qui nostrum voluptas. Consequatur voluptas vitae quos maiores assumenda est ut.',0,'2019-06-13 10:38:25','2019-06-13 10:38:25'),(214,19,'Yasmeen Kohler','Reprehenderit quidem pariatur consequatur quis eos ex totam maiores. Laboriosam molestiae aspernatur et. Hic eveniet quasi reprehenderit sed vel mollitia.',4,'2019-06-13 10:38:25','2019-06-13 10:38:25'),(215,40,'Dr. Jayde Prosacco IV','Nemo et qui ut. Labore harum inventore minima doloremque a pariatur voluptas. Et dolor nihil eius blanditiis fugiat et. Tenetur ab at omnis quia id.',2,'2019-06-13 10:38:25','2019-06-13 10:38:25'),(216,36,'Ray Stanton','Ex ut corrupti hic voluptas recusandae. Est qui deserunt nam illum deserunt suscipit. Sit voluptas inventore deserunt quibusdam molestias facere porro.',1,'2019-06-13 10:38:25','2019-06-13 10:38:25'),(217,24,'Andre Torp','Dolor commodi omnis est expedita distinctio. Ipsa sit eos cum et labore et. Molestias quia incidunt aut voluptas ullam voluptas voluptas sit. Accusantium voluptas ex placeat iste.',4,'2019-06-13 10:38:26','2019-06-13 10:38:26'),(218,44,'Dr. Zander Kunde','Suscipit rem voluptatem quas quasi quia omnis. Earum veritatis qui expedita quaerat. Quia quam provident quae molestias qui consequatur. Architecto est eos vero voluptatem officia.',1,'2019-06-13 10:38:26','2019-06-13 10:38:26'),(219,25,'Ms. Nina Shields','Est perferendis rerum iure mollitia occaecati blanditiis deleniti velit. Quia est est ea non. Alias quis laborum tempora autem et eligendi. Libero similique id eveniet.',5,'2019-06-13 10:38:26','2019-06-13 10:38:26'),(220,4,'Valerie Hilpert','Molestiae molestiae asperiores facilis dolorem inventore. Omnis voluptas ea harum voluptas blanditiis quo dolor. Ut laboriosam et culpa sit culpa placeat necessitatibus. Tempora a ducimus atque velit et.',2,'2019-06-13 10:38:26','2019-06-13 10:38:26'),(221,8,'Noemi Pacocha','Non perferendis vel dicta qui a et et. Molestias culpa dolorem aut maxime ut eius doloribus vitae. Quae voluptatem repellendus sed animi fugit molestias quia incidunt. Facilis quam omnis nisi impedit voluptates nostrum praesentium.',1,'2019-06-13 10:38:26','2019-06-13 10:38:26'),(222,20,'Eve Boyer','Laboriosam vel aut animi at molestias aliquam. Qui itaque libero tenetur et. Est velit non ab unde ut. Perferendis non nihil laboriosam at quae beatae tenetur.',0,'2019-06-13 10:38:26','2019-06-13 10:38:26'),(223,26,'Ms. Laury Tillman','Deleniti minus consectetur et iste dolores voluptatem. Id deleniti delectus voluptate labore autem. Quo ipsa eum in fugiat facere voluptatem voluptate.',0,'2019-06-13 10:38:26','2019-06-13 10:38:26'),(224,45,'Rogelio Mayert','Sunt qui doloremque ad. Quae consequatur totam eligendi sint.',5,'2019-06-13 10:38:26','2019-06-13 10:38:26'),(225,18,'Augusta Wilderman III','Eum itaque rerum animi doloribus mollitia itaque. Minus odit excepturi rerum aut quasi id nemo.',5,'2019-06-13 10:38:26','2019-06-13 10:38:26'),(226,8,'Mandy Parisian DVM','Quia quo ut non eius eligendi voluptatem. Ut facere repudiandae qui sit tenetur odio animi voluptatum. Omnis placeat vitae nesciunt ducimus. Repudiandae quaerat ut at quis.',2,'2019-06-13 10:38:26','2019-06-13 10:38:26'),(227,18,'Prof. Pinkie O\'Conner II','Omnis ullam possimus deserunt. Numquam reiciendis enim modi praesentium.',1,'2019-06-13 10:38:26','2019-06-13 10:38:26'),(228,24,'Maybell Fritsch','Accusamus aliquid sapiente illum impedit soluta qui voluptas. Aliquid quis laudantium consequatur corrupti placeat. Possimus est non voluptatem quibusdam. Et aliquid eaque consequuntur possimus nisi. Voluptas occaecati qui nesciunt non nobis quasi illo in.',5,'2019-06-13 10:38:26','2019-06-13 10:38:26'),(229,19,'Rachelle Will','Exercitationem autem cupiditate placeat culpa ut. Quis quaerat aliquid reprehenderit et. A ea voluptas aut labore quam qui a. Quasi amet hic doloremque.',2,'2019-06-13 10:38:26','2019-06-13 10:38:26'),(230,22,'Lois Braun','Quo beatae officia sed maiores. Eaque ut saepe molestiae perspiciatis dolor ab. Veniam distinctio magni saepe voluptatibus.',3,'2019-06-13 10:38:26','2019-06-13 10:38:26'),(231,13,'Juliet Littel','Quia omnis nulla dolore rerum modi. Molestias est totam molestiae. Placeat quod repellat qui quia laborum.',1,'2019-06-13 10:38:26','2019-06-13 10:38:26'),(232,22,'Sincere Crona','Expedita ex eligendi et ut et enim illum. Nobis atque sed et dolores in voluptas. Omnis et commodi nesciunt quam.',4,'2019-06-13 10:38:26','2019-06-13 10:38:26'),(233,26,'Prof. Ima Feest PhD','Autem sed provident ut perferendis culpa pariatur. Optio ratione qui aut id error. Placeat officiis eum et corrupti nostrum aut doloribus velit.',0,'2019-06-13 10:38:26','2019-06-13 10:38:26'),(234,10,'Mara Champlin','Iste voluptas laborum sunt et perferendis. Dolor consectetur et iure voluptas perspiciatis. Suscipit et eveniet nam dolorem autem delectus.',2,'2019-06-13 10:38:26','2019-06-13 10:38:26'),(235,14,'Jason Ondricka IV','Labore harum corrupti et quam nulla enim qui. Voluptatem facere fugit quo cumque ullam. Et amet ut aut dolores.',1,'2019-06-13 10:38:27','2019-06-13 10:38:27'),(236,13,'Grant Emmerich','Excepturi sed minima est. Quidem in sint modi. Fuga similique qui maxime reiciendis excepturi ex.',2,'2019-06-13 10:38:27','2019-06-13 10:38:27'),(237,4,'Prof. Hollie Morar','Officia nihil animi tenetur omnis sed. Vitae culpa facilis sed exercitationem hic accusamus provident numquam. Id incidunt ducimus culpa fugiat aut laboriosam distinctio.',2,'2019-06-13 10:38:27','2019-06-13 10:38:27'),(238,21,'Ruben Von','Minima blanditiis sit nulla vero voluptas harum placeat. Et beatae voluptas dicta hic. Voluptates nesciunt ipsum natus aut rerum mollitia.',3,'2019-06-13 10:38:27','2019-06-13 10:38:27'),(239,26,'Constance Nicolas','Qui reiciendis aut laudantium ea. Officiis eum excepturi a repellat ducimus quo. Ut vero fugiat vero eius quam.',1,'2019-06-13 10:38:27','2019-06-13 10:38:27'),(240,39,'Audrey Schmidt','Saepe nihil qui sunt voluptates a hic odio. Magni voluptatem culpa magnam quo rerum consequatur ex. Nemo atque iure aut fuga in. Amet incidunt nisi quia qui facilis molestiae consectetur.',1,'2019-06-13 10:38:27','2019-06-13 10:38:27'),(241,24,'Prof. Earnestine Murray','Aliquid ut quisquam reprehenderit sit neque sequi voluptates. Impedit dignissimos reiciendis rerum dolores. Quas beatae est accusamus sapiente. Sed est qui iure vitae ut.',0,'2019-06-13 10:38:27','2019-06-13 10:38:27'),(242,12,'Irwin Auer','Fugit soluta inventore qui provident possimus in omnis. Ipsa consequatur temporibus quasi voluptatem necessitatibus eum autem vitae. Dolorem veritatis ullam nisi et.',5,'2019-06-13 10:38:27','2019-06-13 10:38:27'),(243,22,'Anita Gaylord','Officiis eligendi reprehenderit animi corporis nulla harum. Blanditiis ratione rerum perferendis. Officia iure eligendi quo veritatis voluptatem aperiam mollitia placeat. Magnam in laudantium ullam.',0,'2019-06-13 10:38:28','2019-06-13 10:38:28'),(244,39,'Maximillian Kshlerin','Explicabo magni qui et corrupti fugiat excepturi omnis. Nam ut nobis tempore aut. Impedit perspiciatis consequatur sed ut magni qui.',5,'2019-06-13 10:38:28','2019-06-13 10:38:28'),(245,17,'Randall Nolan','Et consequatur repellendus et ut dolore ea harum. Facilis error facere enim dolorum aliquam. Mollitia sunt fuga dolorum dolorem et veritatis rerum.',4,'2019-06-13 10:38:28','2019-06-13 10:38:28'),(246,22,'Prof. Juston Wisoky','Sapiente autem non dolore nostrum numquam omnis nihil eos. Asperiores inventore harum excepturi dignissimos aut deserunt impedit. Et facere ea quam libero ut recusandae pariatur consectetur. Perferendis sit corrupti adipisci dolorem quia suscipit.',5,'2019-06-13 10:38:28','2019-06-13 10:38:28'),(247,42,'Charles Stanton','Itaque culpa quos exercitationem deleniti. Occaecati repudiandae quisquam voluptatem repellat quod. Totam non perspiciatis praesentium dolores. Molestiae ad vitae incidunt corporis commodi quia.',0,'2019-06-13 10:38:28','2019-06-13 10:38:28'),(248,45,'Dr. Alec Leannon I','Et nemo est repudiandae suscipit nostrum nobis non. Quis fugiat possimus ut aut dicta mollitia porro. Aut quae saepe reprehenderit sed nihil cupiditate.',4,'2019-06-13 10:38:28','2019-06-13 10:38:28'),(249,29,'Agnes Franecki MD','Dolores repudiandae incidunt corporis et amet illum delectus maxime. Quia mollitia et veniam. Enim deleniti adipisci quia dicta recusandae unde qui. Doloribus ut aut est.',1,'2019-06-13 10:38:28','2019-06-13 10:38:28'),(250,6,'Prof. Isaias Herman I','Commodi numquam qui vel. Quia qui ab iste consequatur iste a. Recusandae tempore tempore et veniam quam ipsam qui.',2,'2019-06-13 10:38:28','2019-06-13 10:38:28'),(251,20,'Columbus Dickens','Ut illum suscipit provident perferendis cumque dicta. Nobis pariatur rem minus ut ea sequi. Cum ut eos et fugiat. Ut sit suscipit labore et non.',5,'2019-06-13 10:38:28','2019-06-13 10:38:28'),(252,8,'Ryder Russel','Totam autem accusamus distinctio nisi quo. Error ullam ut voluptates quod. Totam omnis qui quam. Esse tenetur qui neque repudiandae laudantium aut odit.',0,'2019-06-13 10:38:28','2019-06-13 10:38:28'),(253,16,'Laisha Daugherty','Nihil nihil consequatur dolorem dolor nobis quibusdam labore. Reiciendis praesentium sunt minus doloribus. Cum porro aspernatur excepturi ut. Placeat tempore ducimus iusto repudiandae laboriosam.',1,'2019-06-13 10:38:28','2019-06-13 10:38:28'),(254,7,'Edwina Beier','Quam sequi veniam neque. Cumque id accusantium odio ipsum. Similique et quibusdam velit.',1,'2019-06-13 10:38:28','2019-06-13 10:38:28'),(255,38,'Cory Wintheiser','Sit ipsum corporis quis adipisci aut veritatis. Et aut possimus sapiente libero illo.',3,'2019-06-13 10:38:28','2019-06-13 10:38:28'),(256,47,'Lavinia Schneider MD','Esse eos qui reiciendis. Sequi ea quam sed veritatis cumque. Nisi quos blanditiis molestias at eius laborum hic consequuntur. Corporis dolorem labore eaque provident et.',4,'2019-06-13 10:38:29','2019-06-13 10:38:29'),(257,26,'Ms. Juliana Schiller','Earum aut alias tenetur voluptas dolorum soluta velit. Consequatur aperiam iusto ea inventore et assumenda. Distinctio ullam explicabo eius voluptatem non consequatur. Unde rem ipsa eum sunt aliquid exercitationem aut. Ratione a saepe mollitia reprehenderit voluptates eligendi sit.',1,'2019-06-13 10:38:29','2019-06-13 10:38:29'),(258,38,'Prof. Brianne Green IV','Autem aperiam error sed reprehenderit. Facilis ut odit aut consequatur architecto. Nam eius vel soluta iusto dolorem doloremque distinctio.',2,'2019-06-13 10:38:29','2019-06-13 10:38:29'),(259,11,'Shayne Bogan','Eius non tempora et ullam nulla. Perferendis iure quibusdam hic officia qui hic quo. Porro veritatis sit rerum sint nihil ducimus facilis quis. Dolor exercitationem voluptatibus qui reiciendis est nostrum.',3,'2019-06-13 10:38:29','2019-06-13 10:38:29'),(260,32,'Mr. Freddie Hand','Enim ex cumque eligendi soluta ut qui illo atque. Labore minima ex autem. Distinctio quos non velit architecto in ducimus hic. Cupiditate eius soluta tempore incidunt voluptas qui.',5,'2019-06-13 10:38:29','2019-06-13 10:38:29'),(261,36,'Brenden Crist','Animi sed incidunt excepturi unde. Vel molestiae autem dignissimos. Eius nobis voluptate quo et quis perspiciatis in voluptas. Impedit nihil illo voluptate in dolores.',1,'2019-06-13 10:38:29','2019-06-13 10:38:29'),(262,44,'Genesis Kub','Reiciendis necessitatibus amet doloribus deleniti. Accusantium possimus ullam excepturi pariatur alias non tenetur laborum. Aliquid cupiditate vitae aut vitae nulla. Corrupti commodi laudantium est a perspiciatis adipisci.',2,'2019-06-13 10:38:29','2019-06-13 10:38:29'),(263,35,'Miracle Conn','Aut incidunt est porro occaecati quidem incidunt. Eveniet a tempore velit molestiae. Non similique perspiciatis nam quas sequi beatae ad. Quia libero aut eveniet optio. Sit labore sint maxime fuga.',1,'2019-06-13 10:38:29','2019-06-13 10:38:29'),(264,9,'Prof. Danny Hoppe MD','Itaque est sunt doloremque quisquam. Dicta quia ipsam aut velit deserunt excepturi ut. Consequatur ea debitis nostrum possimus voluptas temporibus est beatae.',0,'2019-06-13 10:38:29','2019-06-13 10:38:29'),(265,16,'Gudrun Vandervort Jr.','Qui nam cum aut nihil dicta mollitia. Rem itaque nulla aperiam ut earum similique. Quas est doloremque cumque vero.',1,'2019-06-13 10:38:29','2019-06-13 10:38:29'),(266,15,'Lisette Leannon','Necessitatibus nam debitis consequuntur deleniti eligendi temporibus id. Est accusamus quam sed molestias. Ipsum aperiam labore optio quae omnis recusandae hic qui.',2,'2019-06-13 10:38:29','2019-06-13 10:38:29'),(267,1,'Odie Keebler','Aut impedit eaque est explicabo atque voluptates. Maiores quaerat ratione est. Et nam adipisci et temporibus et illo est.',4,'2019-06-13 10:38:29','2019-06-13 10:38:29'),(268,1,'Alfreda Lebsack','Non non modi ut temporibus. Deserunt inventore harum consectetur ut sequi a commodi voluptas. Autem sed eligendi dolore voluptatibus modi. Error consequatur sit at voluptates aut ad.',4,'2019-06-13 10:38:29','2019-06-13 10:38:29'),(269,49,'Golden D\'Amore','Aut minima itaque sapiente velit commodi. Quia quod non numquam non neque. Animi eos beatae officiis vero non cupiditate voluptates adipisci. Tempora dignissimos laborum corporis saepe recusandae magnam suscipit.',2,'2019-06-13 10:38:30','2019-06-13 10:38:30'),(270,45,'Dr. Deshaun Runolfsson III','Deserunt molestias quaerat alias sunt repellendus minus voluptas. Aut laboriosam animi est in omnis. Vel maxime rerum soluta ducimus nobis vero tempora fugit.',1,'2019-06-13 10:38:30','2019-06-13 10:38:30'),(271,25,'Darian Beier','In quae autem et ut nobis. Totam quo quod omnis quam deserunt. Quidem deserunt magni et dolorem. Sit officia quam facere dolores eius ea.',0,'2019-06-13 10:38:30','2019-06-13 10:38:30'),(272,43,'Geovanni O\'Connell','Sit qui aut corporis ut quas facilis sunt ratione. At ullam natus omnis sapiente laudantium aspernatur. Fugiat autem odio fugit assumenda. Quia aliquam provident quo suscipit.',3,'2019-06-13 10:38:30','2019-06-13 10:38:30'),(273,16,'Gordon O\'Kon','Natus voluptas dolorem fugit illum. Blanditiis natus iure quae aut eos. Error voluptatem id ut maxime.',5,'2019-06-13 10:38:30','2019-06-13 10:38:30'),(274,29,'Brendan Rohan','Totam sunt incidunt facilis est explicabo illum sequi. Mollitia eaque modi sit qui sit repellat doloribus. Doloremque omnis recusandae soluta dolorem architecto et id odio. Quia necessitatibus illo repellendus nesciunt.',1,'2019-06-13 10:38:30','2019-06-13 10:38:30'),(275,47,'Mrs. Heloise Koch IV','Autem tempore ad quia quia distinctio facilis accusantium. Quam velit distinctio neque praesentium doloremque pariatur corporis.',3,'2019-06-13 10:38:30','2019-06-13 10:38:30'),(276,47,'Stefanie Sawayn','Occaecati harum ea ex deserunt porro labore. Minus aut vitae hic minima enim dolores fuga. Sed aperiam minus nobis tempore excepturi.',5,'2019-06-13 10:38:30','2019-06-13 10:38:30'),(277,46,'Rashawn Prosacco','Quia atque cum minima hic voluptate velit earum. Harum culpa suscipit doloribus velit enim. In atque dolor illum tenetur sed saepe et. Nemo praesentium libero pariatur sit est dolores similique.',2,'2019-06-13 10:38:30','2019-06-13 10:38:30'),(278,25,'Anabelle Rath','Exercitationem provident ducimus non minima. Sunt dignissimos omnis voluptatibus quae nam nam autem. Doloribus eius quibusdam quae maiores amet aut. Placeat perspiciatis libero sint delectus rem laboriosam.',1,'2019-06-13 10:38:30','2019-06-13 10:38:30'),(279,22,'Miss Annalise Boehm','Dolores voluptatum deserunt perferendis ea. Nisi aspernatur voluptas molestias inventore. Unde aut vero voluptatibus aliquam ut.',3,'2019-06-13 10:38:30','2019-06-13 10:38:30'),(280,22,'Ms. Kyla Daniel','Veritatis repellendus dolorem vero non repellat in officiis in. Totam ut nihil expedita nisi velit voluptatem et. Eum commodi doloribus veritatis dolorem.',5,'2019-06-13 10:38:30','2019-06-13 10:38:30'),(281,11,'Lance Bergstrom','Sit ex minus nemo quia. Consequatur in officia sunt enim laboriosam voluptatem omnis. Cum blanditiis cum quas cupiditate tempore velit debitis. Sint et aut qui est repellat accusamus.',2,'2019-06-13 10:38:30','2019-06-13 10:38:30'),(282,16,'Melvin Quitzon','A ratione eligendi enim qui. Reiciendis nihil quia exercitationem amet totam voluptatem. Et tempore minus hic molestiae.',1,'2019-06-13 10:38:31','2019-06-13 10:38:31'),(283,29,'Miss Maybell Mayert II','Corrupti aut consequatur mollitia sit. Asperiores quod quia fugit aliquid. Rerum aliquam iure et nihil aspernatur qui.',0,'2019-06-13 10:38:31','2019-06-13 10:38:31'),(284,3,'Keenan Reichel','Deserunt quidem in ad. Iusto quas voluptatum ut voluptatem aut. Sequi omnis veniam ut culpa dolore. Dolorum beatae dolor sit.',5,'2019-06-13 10:38:31','2019-06-13 10:38:31'),(285,38,'Roscoe Altenwerth','Atque a illo aperiam necessitatibus accusamus. Voluptates optio a odio molestias voluptas. Illum vel sapiente et sapiente nesciunt odio numquam.',5,'2019-06-13 10:38:31','2019-06-13 10:38:31'),(286,18,'Odell Harber DDS','Perferendis eum maiores tenetur et. Hic nam hic dignissimos eos perferendis. Rerum et placeat et.',5,'2019-06-13 10:38:31','2019-06-13 10:38:31'),(287,22,'Durward Parisian','Quis ratione optio est ut sed commodi. Delectus repudiandae aut dolore ipsa et vero totam est. Tenetur dolor dolorum ullam minima sit repudiandae dolorem. Repudiandae sint vel et saepe.',2,'2019-06-13 10:38:31','2019-06-13 10:38:31'),(288,10,'Braeden Ankunding','Nesciunt inventore ipsa sed adipisci. At aliquid eaque facere nam repellendus quia itaque. Delectus et maxime ea ut.',3,'2019-06-13 10:38:31','2019-06-13 10:38:31'),(289,10,'Miss Bonita Hodkiewicz DVM','Numquam omnis reprehenderit ratione illum laborum a. Commodi illum aut et veritatis eaque ea qui. Adipisci nulla nobis itaque autem. Totam quos perferendis illum aut.',3,'2019-06-13 10:38:31','2019-06-13 10:38:31'),(290,24,'Dr. Aniyah Predovic','Facilis occaecati officia qui quia aspernatur voluptas. Consequatur eligendi atque molestias est recusandae. Voluptatibus quia sequi adipisci aut eius adipisci libero. Voluptatem et suscipit porro ut velit est deleniti officia.',3,'2019-06-13 10:38:31','2019-06-13 10:38:31'),(291,22,'Jordi Homenick','Error consequatur veniam id maxime aliquam autem quo. Voluptas pariatur minus molestiae rerum adipisci. Ut cumque eveniet inventore cum perferendis.',1,'2019-06-13 10:38:31','2019-06-13 10:38:31'),(292,27,'Mr. Chesley Runte','Inventore cumque odio et iure voluptas omnis. Perferendis vitae sit libero omnis quos commodi aliquid. Sit adipisci ut qui. Voluptates eaque quidem quae dignissimos.',2,'2019-06-13 10:38:31','2019-06-13 10:38:31'),(293,27,'Prof. Austyn Russel','Alias quae ad autem. Repellendus laborum esse qui inventore. Consequuntur voluptatem fuga repudiandae rerum velit qui. Nobis magni autem et dolores exercitationem.',4,'2019-06-13 10:38:31','2019-06-13 10:38:31'),(294,16,'Abigail Wiza','Placeat quisquam doloribus quia pariatur est quod eligendi. Quo veritatis qui consectetur est fuga. Hic eius voluptatem fuga recusandae.',5,'2019-06-13 10:38:31','2019-06-13 10:38:31'),(295,12,'Lela Schroeder','Rerum eum iure corporis quo vel. Repudiandae quas pariatur eum sequi ullam praesentium. Dolorem est eaque non aspernatur provident quia nemo quasi. Voluptatum commodi tempora error et.',1,'2019-06-13 10:38:31','2019-06-13 10:38:31'),(296,12,'Jaleel Waters','Aut autem voluptatem impedit officiis dolorem rerum. Occaecati sint omnis numquam modi. Tempore saepe assumenda delectus.',1,'2019-06-13 10:38:31','2019-06-13 10:38:31'),(297,26,'Freeman Mante','Est numquam occaecati ut quibusdam. Rerum qui omnis placeat aliquid sit. Aut quis laudantium incidunt ea in hic omnis.',0,'2019-06-13 10:38:31','2019-06-13 10:38:31'),(298,3,'Gabriella Auer','Animi ut placeat in temporibus architecto distinctio consequuntur. Assumenda accusantium ad magni enim architecto. Autem nesciunt rem placeat fugit sed odio reiciendis.',5,'2019-06-13 10:38:31','2019-06-13 10:38:31'),(299,44,'Alia Herzog','Consectetur ut et tenetur. Eos reiciendis ut maiores quis autem expedita consequatur. Perspiciatis nemo ex repudiandae incidunt doloremque neque. Voluptates ex quis iure totam quae repellendus et nihil.',3,'2019-06-13 10:38:31','2019-06-13 10:38:31'),(300,45,'Ms. Nayeli Rice V','Ut autem minus sit eveniet sit. Soluta iste et quam tenetur aspernatur omnis repudiandae dolorem. Aliquid rerum quae consequatur. Dicta numquam nostrum et odio id.',1,'2019-06-13 10:38:31','2019-06-13 10:38:31');
/*!40000 ALTER TABLE `reviews` ENABLE KEYS */;
UNLOCK TABLES;

--
-- Table structure for table `users`
--

DROP TABLE IF EXISTS `users`;
/*!40101 SET @saved_cs_client     = @@character_set_client */;
/*!40101 SET character_set_client = utf8 */;
CREATE TABLE `users` (
  `id` bigint(20) unsigned NOT NULL AUTO_INCREMENT,
  `name` varchar(255) COLLATE utf8mb4_unicode_ci NOT NULL,
  `email` varchar(255) COLLATE utf8mb4_unicode_ci NOT NULL,
  `email_verified_at` timestamp NULL DEFAULT NULL,
  `password` varchar(255) COLLATE utf8mb4_unicode_ci NOT NULL,
  `remember_token` varchar(100) COLLATE utf8mb4_unicode_ci DEFAULT NULL,
  `created_at` timestamp NULL DEFAULT NULL,
  `updated_at` timestamp NULL DEFAULT NULL,
  PRIMARY KEY (`id`),
  UNIQUE KEY `users_email_unique` (`email`)
) ENGINE=InnoDB DEFAULT CHARSET=utf8mb4 COLLATE=utf8mb4_unicode_ci;
/*!40101 SET character_set_client = @saved_cs_client */;

--
-- Dumping data for table `users`
--

LOCK TABLES `users` WRITE;
/*!40000 ALTER TABLE `users` DISABLE KEYS */;
/*!40000 ALTER TABLE `users` ENABLE KEYS */;
UNLOCK TABLES;

--
-- Dumping routines for database 'eapi'
--
/*!40103 SET TIME_ZONE=@OLD_TIME_ZONE */;

/*!40101 SET SQL_MODE=@OLD_SQL_MODE */;
/*!40014 SET FOREIGN_KEY_CHECKS=@OLD_FOREIGN_KEY_CHECKS */;
/*!40014 SET UNIQUE_CHECKS=@OLD_UNIQUE_CHECKS */;
/*!40101 SET CHARACTER_SET_CLIENT=@OLD_CHARACTER_SET_CLIENT */;
/*!40101 SET CHARACTER_SET_RESULTS=@OLD_CHARACTER_SET_RESULTS */;
/*!40101 SET COLLATION_CONNECTION=@OLD_COLLATION_CONNECTION */;
/*!40111 SET SQL_NOTES=@OLD_SQL_NOTES */;

-- Dump completed on 2019-06-13  0:41:08
